Unique ID,Type,Label 1,Label 2,Label 3,Label 4,Label 5,Label 6,Label 7,Label 8,Label 9,Label 10,Label 11,Label 12
49848,Organization,"3.8.1 - Coverage of essential health services (defined as the average coverage of essential services based on tracer interventions that include reproductive, maternal, newborn and child health, infectious diseases, non-communicable diseases and service capacity and access, among the general and the most disadvantaged population)",,,,,,,,,,,
52348,Organization,"3.8.1 - Coverage of essential health services (defined as the average coverage of essential services based on tracer interventions that include reproductive, maternal, newborn and child health, infectious diseases, non-communicable diseases and service capacity and access, among the general and the most disadvantaged population)",,,,,,,,,,,
103541,Organization,3.4.2 - Suicide mortality rate,,,,,,,,,,,
52382,Organization,3.b.2 - Total net official development assistance to medical research and basic health sector,,,,,,,,,,,
47212,Organization,3.9.1 - Mortality rate attributed to household and ambient air pollution,"3.9.2 - Mortality rate attributed to unsafe water, unsafe sanitation and lack of hygiene (exposure to unsafe Water, Sanitation and Hygiene for All (WASH) services)",,,,,,,,,,
53549,Organization,3.1.1 - Maternal mortality ratio,3.7.1 - Proportion of women of reproductive age (aged 15_49 years) who have their need for family planning satisfied with modern methods,"3.7.2 - Adolescent birth rate (aged 10_14 years; aged 15_19 years) per 1,000 women in that age group",,,,,,,,,
89739,Organization,3.9.1 - Mortality rate attributed to household and ambient air pollution,,,,,,,,,,,
19404,Organization,3.9.1 - Mortality rate attributed to household and ambient air pollution,,,,,,,,,,,
76348,Organization,3.9.1 - Mortality rate attributed to household and ambient air pollution,,,,,,,,,,,
73607,Organization,3.9.1 - Mortality rate attributed to household and ambient air pollution,,,,,,,,,,,
46632,Organization,3.9.1 - Mortality rate attributed to household and ambient air pollution,,,,,,,,,,,
91634,News,3.1.1 - Maternal mortality ratio,3.2.1 - Under-5 mortality rate,,,,,,,,,,
90821,News,"3.3.4 - Hepatitis B incidence per 100,000 population",,,,,,,,,,,
91103,News,3.3.5 - Number of people requiring interventions against neglected tropical diseases,"3.9.2 - Mortality rate attributed to unsafe water, unsafe sanitation and lack of hygiene (exposure to unsafe Water, Sanitation and Hygiene for All (WASH) services)",,,,,,,,,,
91271,News,3.b.2 - Total net official development assistance to medical research and basic health sector,,,,,,,,,,,
91285,News,"3.4.1 - Mortality rate attributed to cardiovascular disease, cancer, diabetes or chronic respiratory disease",,,,,,,,,,,
91312,News,3.b.2 - Total net official development assistance to medical research and basic health sector,,,,,,,,,,,
91520,News,3.b.2 - Total net official development assistance to medical research and basic health sector,,,,,,,,,,,
91674,News,"3.3.3 - Malaria incidence per 1,000 population",,,,,,,,,,,
92618,News,"3.3.3 - Malaria incidence per 1,000 population",,,,,,,,,,,
91629,News,"3.3.3 - Malaria incidence per 1,000 population",,,,,,,,,,,
92492,News,"3.3.3 - Malaria incidence per 1,000 population",,,,,,,,,,,
91952,News,"3.3.3 - Malaria incidence per 1,000 population",,,,,,,,,,,
91677,News,3.a.1 - Age-standardized prevalence of current tobacco use among persons aged 15 years and older,,,,,,,,,,,
90775,News,"3.3.4 - Hepatitis B incidence per 100,000 population",,,,,,,,,,,
91432,News,"3.3.4 - Hepatitis B incidence per 100,000 population",,,,,,,,,,,
208743,Contract,"3.3.3 - Malaria incidence per 1,000 population",,,,,,,,,,,
216630,Contract,"3.3.1 - Number of new HIV infections per 1,000 uninfected population, by sex, age and key populations",,,,,,,,,,,
216670,Contract,"3.3.1 - Number of new HIV infections per 1,000 uninfected population, by sex, age and key populations",,,,,,,,,,,
217748,Contract,"3.3.2 - Tuberculosis incidence per 100,000 population",,,,,,,,,,,
219923,Contract,3.2.2 - Neonatal mortality rate,,,,,,,,,,,
222904,Contract,3.2.1 - Under-5 mortality rate,3.2.2 - Neonatal mortality rate,,,,,,,,,,
212579,Contract,3.7.1 - Proportion of women of reproductive age (aged 15_49 years) who have their need for family planning satisfied with modern methods,"3.7.2 - Adolescent birth rate (aged 10_14 years; aged 15_19 years) per 1,000 women in that age group","3.8.1 - Coverage of essential health services (defined as the average coverage of essential services based on tracer interventions that include reproductive, maternal, newborn and child health, infectious diseases, non-communicable diseases and service capacity and access, among the general and the most disadvantaged population)",3.c.1 - Health worker density and distribution,,,,,,,,
213045,Contract,3.1.1 - Maternal mortality ratio,3.1.2 - Proportion of births attended by skilled health personnel,3.7.1 - Proportion of women of reproductive age (aged 15_49 years) who have their need for family planning satisfied with modern methods,,,,,,,,,
212949,Contract,3.b.1 - Proportion of the target population covered by all vaccines included in their national programme,,,,,,,,,,,
214544,Contract,3.b.1 - Proportion of the target population covered by all vaccines included in their national programme,,,,,,,,,,,
215603,Contract,3.b.1 - Proportion of the target population covered by all vaccines included in their national programme,3.b.2 - Total net official development assistance to medical research and basic health sector,,,,,,,,,,
214291,Contract,3.b.2 - Total net official development assistance to medical research and basic health sector,,,,,,,,,,,
215504,Contract,3.b.1 - Proportion of the target population covered by all vaccines included in their national programme,3.b.2 - Total net official development assistance to medical research and basic health sector,,,,,,,,,,
889,Open Opp,"3.5.1 - Coverage of treatment interventions (pharmacological, psychosocial and rehabilitation and aftercare services) for substance use disorders","3.5.2 - Harmful use of alcohol, defined according to the national context as alcohol per capita consumption (aged 15 years and older) within a calendar year in litres of pure alcohol",3.a.1 - Age-standardized prevalence of current tobacco use among persons aged 15 years and older,3.b.2 - Total net official development assistance to medical research and basic health sector,,,,,,,,
913,Open Opp,"3.5.1 - Coverage of treatment interventions (pharmacological, psychosocial and rehabilitation and aftercare services) for substance use disorders",3.a.1 - Age-standardized prevalence of current tobacco use among persons aged 15 years and older,3.b.2 - Total net official development assistance to medical research and basic health sector,,,,,,,,,
930,Open Opp,"3.5.1 - Coverage of treatment interventions (pharmacological, psychosocial and rehabilitation and aftercare services) for substance use disorders","3.5.2 - Harmful use of alcohol, defined according to the national context as alcohol per capita consumption (aged 15 years and older) within a calendar year in litres of pure alcohol",3.a.1 - Age-standardized prevalence of current tobacco use among persons aged 15 years and older,3.b.2 - Total net official development assistance to medical research and basic health sector,,,,,,,,
967,Open Opp,"3.4.1 - Mortality rate attributed to cardiovascular disease, cancer, diabetes or chronic respiratory disease",3.b.2 - Total net official development assistance to medical research and basic health sector,,,,,,,,,,
973,Open Opp,"3.5.1 - Coverage of treatment interventions (pharmacological, psychosocial and rehabilitation and aftercare services) for substance use disorders","3.5.2 - Harmful use of alcohol, defined according to the national context as alcohol per capita consumption (aged 15 years and older) within a calendar year in litres of pure alcohol",3.a.1 - Age-standardized prevalence of current tobacco use among persons aged 15 years and older,3.b.2 - Total net official development assistance to medical research and basic health sector,,,,,,,,
1008,Open Opp,"3.5.1 - Coverage of treatment interventions (pharmacological, psychosocial and rehabilitation and aftercare services) for substance use disorders",3.a.1 - Age-standardized prevalence of current tobacco use among persons aged 15 years and older,3.b.2 - Total net official development assistance to medical research and basic health sector,,,,,,,,,
1050,Open Opp,"3.4.1 - Mortality rate attributed to cardiovascular disease, cancer, diabetes or chronic respiratory disease",3.b.2 - Total net official development assistance to medical research and basic health sector,,,,,,,,,,
1070,Open Opp,"3.5.1 - Coverage of treatment interventions (pharmacological, psychosocial and rehabilitation and aftercare services) for substance use disorders",3.a.1 - Age-standardized prevalence of current tobacco use among persons aged 15 years and older,3.b.2 - Total net official development assistance to medical research and basic health sector,,,,,,,,,
1071,Open Opp,"3.5.1 - Coverage of treatment interventions (pharmacological, psychosocial and rehabilitation and aftercare services) for substance use disorders","3.5.2 - Harmful use of alcohol, defined according to the national context as alcohol per capita consumption (aged 15 years and older) within a calendar year in litres of pure alcohol",3.a.1 - Age-standardized prevalence of current tobacco use among persons aged 15 years and older,3.b.2 - Total net official development assistance to medical research and basic health sector,,,,,,,,
1131,Open Opp,"3.4.1 - Mortality rate attributed to cardiovascular disease, cancer, diabetes or chronic respiratory disease",3.4.2 - Suicide mortality rate,3.a.1 - Age-standardized prevalence of current tobacco use among persons aged 15 years and older,3.b.2 - Total net official development assistance to medical research and basic health sector,,,,,,,,
12800,Grant,3.4.2 - Suicide mortality rate,"3.5.1 - Coverage of treatment interventions (pharmacological, psychosocial and rehabilitation and aftercare services) for substance use disorders",3.b.2 - Total net official development assistance to medical research and basic health sector,,,,,,,,,
12847,Grant,"3.8.1 - Coverage of essential health services (defined as the average coverage of essential services based on tracer interventions that include reproductive, maternal, newborn and child health, infectious diseases, non-communicable diseases and service capacity and access, among the general and the most disadvantaged population)",,,,,,,,,,,
14527,Grant,"3.5.1 - Coverage of treatment interventions (pharmacological, psychosocial and rehabilitation and aftercare services) for substance use disorders",,,,,,,,,,,
11655,Grant,"3.3.1 - Number of new HIV infections per 1,000 uninfected population, by sex, age and key populations",,,,,,,,,,,
11657,Grant,"3.3.1 - Number of new HIV infections per 1,000 uninfected population, by sex, age and key populations",3.3.5 - Number of people requiring interventions against neglected tropical diseases,,,,,,,,,,
11810,Grant,"3.3.1 - Number of new HIV infections per 1,000 uninfected population, by sex, age and key populations",,,,,,,,,,,
11863,Grant,"3.3.1 - Number of new HIV infections per 1,000 uninfected population, by sex, age and key populations",,,,,,,,,,,
12189,Grant,3.3.5 - Number of people requiring interventions against neglected tropical diseases,3.d.1 - International Health Regulations (IHR) capacity and health emergency preparedness,,,,,,,,,,
12232,Grant,3.3.5 - Number of people requiring interventions against neglected tropical diseases,3.b.1 - Proportion of the target population covered by all vaccines included in their national programme,3.d.1 - International Health Regulations (IHR) capacity and health emergency preparedness,,,,,,,,,
12233,Grant,3.3.5 - Number of people requiring interventions against neglected tropical diseases,3.b.1 - Proportion of the target population covered by all vaccines included in their national programme,3.d.1 - International Health Regulations (IHR) capacity and health emergency preparedness,,,,,,,,,
12437,Grant,3.3.5 - Number of people requiring interventions against neglected tropical diseases,3.d.1 - International Health Regulations (IHR) capacity and health emergency preparedness,,,,,,,,,,
14036,Grant,"3.3.1 - Number of new HIV infections per 1,000 uninfected population, by sex, age and key populations",3.7.1 - Proportion of women of reproductive age (aged 15_49 years) who have their need for family planning satisfied with modern methods,"3.7.2 - Adolescent birth rate (aged 10_14 years; aged 15_19 years) per 1,000 women in that age group",,,,,,,,,
14541,Grant,3.3.5 - Number of people requiring interventions against neglected tropical diseases,3.d.1 - International Health Regulations (IHR) capacity and health emergency preparedness,,,,,,,,,,
14543,Grant,3.3.5 - Number of people requiring interventions against neglected tropical diseases,3.d.1 - International Health Regulations (IHR) capacity and health emergency preparedness,,,,,,,,,,
11679,Grant,"3.3.4 - Hepatitis B incidence per 100,000 population","3.4.1 - Mortality rate attributed to cardiovascular disease, cancer, diabetes or chronic respiratory disease",3.b.2 - Total net official development assistance to medical research and basic health sector,,,,,,,,,
259030,Tender,3.1.1 - Maternal mortality ratio,"3.3.4 - Hepatitis B incidence per 100,000 population",,,,,,,,,,
290280,Tender,"3.3.1 - Number of new HIV infections per 1,000 uninfected population, by sex, age and key populations",,,,,,,,,,,
257494,Tender,"3.8.1 - Coverage of essential health services (defined as the average coverage of essential services based on tracer interventions that include reproductive, maternal, newborn and child health, infectious diseases, non-communicable diseases and service capacity and access, among the general and the most disadvantaged population)",,,,,,,,,,,
266991,Tender,"3.4.1 - Mortality rate attributed to cardiovascular disease, cancer, diabetes or chronic respiratory disease",,,,,,,,,,,
285341,Tender,3.2.1 - Under-5 mortality rate,,,,,,,,,,,
208935,Contract,"3.3.3 - Malaria incidence per 1,000 population",,,,,,,,,,,
215501,Contract,"3.3.3 - Malaria incidence per 1,000 population",,,,,,,,,,,
215560,Contract,"3.3.3 - Malaria incidence per 1,000 population",,,,,,,,,,,
217154,Contract,"3.3.3 - Malaria incidence per 1,000 population",,,,,,,,,,,
217178,Contract,"3.3.3 - Malaria incidence per 1,000 population","3.4.1 - Mortality rate attributed to cardiovascular disease, cancer, diabetes or chronic respiratory disease",,,,,,,,,,
217791,Contract,"3.3.3 - Malaria incidence per 1,000 population",,,,,,,,,,,
221905,Contract,"3.3.3 - Malaria incidence per 1,000 population",3.b.2 - Total net official development assistance to medical research and basic health sector,,,,,,,,,,
221928,Contract,"3.3.3 - Malaria incidence per 1,000 population",,,,,,,,,,,
221956,Contract,"3.3.3 - Malaria incidence per 1,000 population",,,,,,,,,,,
221977,Contract,"3.3.3 - Malaria incidence per 1,000 population",,,,,,,,,,,
221987,Contract,"3.3.3 - Malaria incidence per 1,000 population",,,,,,,,,,,
222030,Contract,"3.3.2 - Tuberculosis incidence per 100,000 population","3.3.3 - Malaria incidence per 1,000 population",,,,,,,,,,
222047,Contract,"3.3.3 - Malaria incidence per 1,000 population",,,,,,,,,,,
222871,Contract,"3.3.3 - Malaria incidence per 1,000 population",,,,,,,,,,,
228157,Contract,"3.3.3 - Malaria incidence per 1,000 population",,,,,,,,,,,
231419,Contract,"3.3.3 - Malaria incidence per 1,000 population",,,,,,,,,,,
232513,Contract,"3.3.3 - Malaria incidence per 1,000 population",,,,,,,,,,,
235498,Contract,"3.3.3 - Malaria incidence per 1,000 population",,,,,,,,,,,
208818,Contract,3.1.1 - Maternal mortality ratio,,,,,,,,,,,
210268,Contract,3.1.1 - Maternal mortality ratio,3.2.1 - Under-5 mortality rate,3.2.2 - Neonatal mortality rate,3.7.1 - Proportion of women of reproductive age (aged 15_49 years) who have their need for family planning satisfied with modern methods,,,,,,,,
212264,Contract,3.1.1 - Maternal mortality ratio,3.7.1 - Proportion of women of reproductive age (aged 15_49 years) who have their need for family planning satisfied with modern methods,"3.7.2 - Adolescent birth rate (aged 10_14 years; aged 15_19 years) per 1,000 women in that age group",,,,,,,,,
214269,Contract,3.1.1 - Maternal mortality ratio,3.1.2 - Proportion of births attended by skilled health personnel,3.2.1 - Under-5 mortality rate,,,,,,,,,
215439,Contract,3.1.1 - Maternal mortality ratio,3.2.1 - Under-5 mortality rate,,,,,,,,,,
216256,Contract,3.1.1 - Maternal mortality ratio,3.2.1 - Under-5 mortality rate,,,,,,,,,,
232511,Contract,3.1.1 - Maternal mortality ratio,,,,,,,,,,,
232846,Contract,3.2.1 - Under-5 mortality rate,,,,,,,,,,,
234120,Contract,3.1.1 - Maternal mortality ratio,3.2.1 - Under-5 mortality rate,3.2.2 - Neonatal mortality rate,,,,,,,,,
217806,Contract,3.4.2 - Suicide mortality rate,"3.5.1 - Coverage of treatment interventions (pharmacological, psychosocial and rehabilitation and aftercare services) for substance use disorders",,,,,,,,,,
208007,Contract,"3.3.1 - Number of new HIV infections per 1,000 uninfected population, by sex, age and key populations","3.8.1 - Coverage of essential health services (defined as the average coverage of essential services based on tracer interventions that include reproductive, maternal, newborn and child health, infectious diseases, non-communicable diseases and service capacity and access, among the general and the most disadvantaged population)",,,,,,,,,,
213424,Contract,"3.3.1 - Number of new HIV infections per 1,000 uninfected population, by sex, age and key populations",,,,,,,,,,,
214224,Contract,"3.3.1 - Number of new HIV infections per 1,000 uninfected population, by sex, age and key populations",,,,,,,,,,,
215471,Contract,"3.3.1 - Number of new HIV infections per 1,000 uninfected population, by sex, age and key populations",,,,,,,,,,,
217747,Contract,"3.3.1 - Number of new HIV infections per 1,000 uninfected population, by sex, age and key populations",,,,,,,,,,,
217757,Contract,"3.3.1 - Number of new HIV infections per 1,000 uninfected population, by sex, age and key populations",,,,,,,,,,,
217779,Contract,"3.3.1 - Number of new HIV infections per 1,000 uninfected population, by sex, age and key populations",,,,,,,,,,,
219770,Contract,"3.3.1 - Number of new HIV infections per 1,000 uninfected population, by sex, age and key populations",,,,,,,,,,,
219844,Contract,"3.3.1 - Number of new HIV infections per 1,000 uninfected population, by sex, age and key populations",,,,,,,,,,,
219899,Contract,"3.3.1 - Number of new HIV infections per 1,000 uninfected population, by sex, age and key populations",,,,,,,,,,,
220249,Contract,"3.8.1 - Coverage of essential health services (defined as the average coverage of essential services based on tracer interventions that include reproductive, maternal, newborn and child health, infectious diseases, non-communicable diseases and service capacity and access, among the general and the most disadvantaged population)",,,,,,,,,,,
220409,Contract,"3.3.1 - Number of new HIV infections per 1,000 uninfected population, by sex, age and key populations",,,,,,,,,,,
221073,Contract,"3.4.1 - Mortality rate attributed to cardiovascular disease, cancer, diabetes or chronic respiratory disease",,,,,,,,,,,
222227,Contract,"3.3.1 - Number of new HIV infections per 1,000 uninfected population, by sex, age and key populations",,,,,,,,,,,
225066,Contract,"3.3.1 - Number of new HIV infections per 1,000 uninfected population, by sex, age and key populations",,,,,,,,,,,
232253,Contract,"3.3.1 - Number of new HIV infections per 1,000 uninfected population, by sex, age and key populations",,,,,,,,,,,
233368,Contract,"3.3.1 - Number of new HIV infections per 1,000 uninfected population, by sex, age and key populations",,,,,,,,,,,
234275,Contract,"3.3.1 - Number of new HIV infections per 1,000 uninfected population, by sex, age and key populations",,,,,,,,,,,
234398,Contract,"3.3.1 - Number of new HIV infections per 1,000 uninfected population, by sex, age and key populations","3.4.1 - Mortality rate attributed to cardiovascular disease, cancer, diabetes or chronic respiratory disease",,,,,,,,,,
234693,Contract,"3.3.1 - Number of new HIV infections per 1,000 uninfected population, by sex, age and key populations",,,,,,,,,,,
234705,Contract,"3.3.1 - Number of new HIV infections per 1,000 uninfected population, by sex, age and key populations",,,,,,,,,,,
212424,Contract,3.7.1 - Proportion of women of reproductive age (aged 15_49 years) who have their need for family planning satisfied with modern methods,"3.7.2 - Adolescent birth rate (aged 10_14 years; aged 15_19 years) per 1,000 women in that age group",,,,,,,,,,
232339,Contract,3.b.2 - Total net official development assistance to medical research and basic health sector,3.b.3 - Proportion of health facilities that have a core set of relevant essential medicines available and affordable on a sustainable basis,,,,,,,,,,
229117,Contract,3.a.1 - Age-standardized prevalence of current tobacco use among persons aged 15 years and older,,,,,,,,,,,
218150,Contract,"3.8.1 - Coverage of essential health services (defined as the average coverage of essential services based on tracer interventions that include reproductive, maternal, newborn and child health, infectious diseases, non-communicable diseases and service capacity and access, among the general and the most disadvantaged population)",3.8.2 - Proportion of population with large household expenditures on health as a share of total household expenditure or income,3.b.3 - Proportion of health facilities that have a core set of relevant essential medicines available and affordable on a sustainable basis,,,,,,,,,
231660,Contract,"3.8.1 - Coverage of essential health services (defined as the average coverage of essential services based on tracer interventions that include reproductive, maternal, newborn and child health, infectious diseases, non-communicable diseases and service capacity and access, among the general and the most disadvantaged population)",3.8.2 - Proportion of population with large household expenditures on health as a share of total household expenditure or income,3.b.3 - Proportion of health facilities that have a core set of relevant essential medicines available and affordable on a sustainable basis,,,,,,,,,
235245,Contract,3.b.1 - Proportion of the target population covered by all vaccines included in their national programme,,,,,,,,,,,
217749,Contract,"3.3.1 - Number of new HIV infections per 1,000 uninfected population, by sex, age and key populations",,,,,,,,,,,
206943,Contract,3.7.1 - Proportion of women of reproductive age (aged 15_49 years) who have their need for family planning satisfied with modern methods,"3.7.2 - Adolescent birth rate (aged 10_14 years; aged 15_19 years) per 1,000 women in that age group",,,,,,,,,,
219829,Contract,3.7.1 - Proportion of women of reproductive age (aged 15_49 years) who have their need for family planning satisfied with modern methods,"3.7.2 - Adolescent birth rate (aged 10_14 years; aged 15_19 years) per 1,000 women in that age group","3.8.1 - Coverage of essential health services (defined as the average coverage of essential services based on tracer interventions that include reproductive, maternal, newborn and child health, infectious diseases, non-communicable diseases and service capacity and access, among the general and the most disadvantaged population)",,,,,,,,,
219865,Contract,3.7.1 - Proportion of women of reproductive age (aged 15_49 years) who have their need for family planning satisfied with modern methods,"3.7.2 - Adolescent birth rate (aged 10_14 years; aged 15_19 years) per 1,000 women in that age group",,,,,,,,,,
221993,Contract,3.7.1 - Proportion of women of reproductive age (aged 15_49 years) who have their need for family planning satisfied with modern methods,"3.8.1 - Coverage of essential health services (defined as the average coverage of essential services based on tracer interventions that include reproductive, maternal, newborn and child health, infectious diseases, non-communicable diseases and service capacity and access, among the general and the most disadvantaged population)",,,,,,,,,,
226606,Contract,3.7.1 - Proportion of women of reproductive age (aged 15_49 years) who have their need for family planning satisfied with modern methods,"3.7.2 - Adolescent birth rate (aged 10_14 years; aged 15_19 years) per 1,000 women in that age group",,,,,,,,,,
227142,Contract,3.b.2 - Total net official development assistance to medical research and basic health sector,,,,,,,,,,,
230928,Contract,"3.4.1 - Mortality rate attributed to cardiovascular disease, cancer, diabetes or chronic respiratory disease",,,,,,,,,,,
235532,Contract,3.7.1 - Proportion of women of reproductive age (aged 15_49 years) who have their need for family planning satisfied with modern methods,"3.7.2 - Adolescent birth rate (aged 10_14 years; aged 15_19 years) per 1,000 women in that age group",,,,,,,,,,
216607,Contract,3.c.1 - Health worker density and distribution,,,,,,,,,,,
230691,Contract,3.1.2 - Proportion of births attended by skilled health personnel,,,,,,,,,,,
232251,Contract,"3.9.2 - Mortality rate attributed to unsafe water, unsafe sanitation and lack of hygiene (exposure to unsafe Water, Sanitation and Hygiene for All (WASH) services)",,,,,,,,,,,
232252,Contract,3.3.5 - Number of people requiring interventions against neglected tropical diseases,"3.9.2 - Mortality rate attributed to unsafe water, unsafe sanitation and lack of hygiene (exposure to unsafe Water, Sanitation and Hygiene for All (WASH) services)",,,,,,,,,,
233986,Contract,"3.9.2 - Mortality rate attributed to unsafe water, unsafe sanitation and lack of hygiene (exposure to unsafe Water, Sanitation and Hygiene for All (WASH) services)",,,,,,,,,,,
234055,Contract,"3.9.2 - Mortality rate attributed to unsafe water, unsafe sanitation and lack of hygiene (exposure to unsafe Water, Sanitation and Hygiene for All (WASH) services)",,,,,,,,,,,
223982,Contract,3.b.2 - Total net official development assistance to medical research and basic health sector,,,,,,,,,,,
217499,Contract,3.4.2 - Suicide mortality rate,,,,,,,,,,,
227356,Contract,3.4.2 - Suicide mortality rate,,,,,,,,,,,
212655,Contract,3.3.5 - Number of people requiring interventions against neglected tropical diseases,3.d.1 - International Health Regulations (IHR) capacity and health emergency preparedness,,,,,,,,,,
224913,Contract,3.d.1 - International Health Regulations (IHR) capacity and health emergency preparedness,,,,,,,,,,,
231595,Contract,"3.8.1 - Coverage of essential health services (defined as the average coverage of essential services based on tracer interventions that include reproductive, maternal, newborn and child health, infectious diseases, non-communicable diseases and service capacity and access, among the general and the most disadvantaged population)",3.d.1 - International Health Regulations (IHR) capacity and health emergency preparedness,,,,,,,,,,
232678,Contract,3.d.1 - International Health Regulations (IHR) capacity and health emergency preparedness,,,,,,,,,,,
232680,Contract,3.d.1 - International Health Regulations (IHR) capacity and health emergency preparedness,,,,,,,,,,,
232685,Contract,"3.8.1 - Coverage of essential health services (defined as the average coverage of essential services based on tracer interventions that include reproductive, maternal, newborn and child health, infectious diseases, non-communicable diseases and service capacity and access, among the general and the most disadvantaged population)",,,,,,,,,,,
217144,Contract,"3.8.1 - Coverage of essential health services (defined as the average coverage of essential services based on tracer interventions that include reproductive, maternal, newborn and child health, infectious diseases, non-communicable diseases and service capacity and access, among the general and the most disadvantaged population)",,,,,,,,,,,
223836,Contract,"3.4.1 - Mortality rate attributed to cardiovascular disease, cancer, diabetes or chronic respiratory disease",,,,,,,,,,,
224307,Contract,"3.4.1 - Mortality rate attributed to cardiovascular disease, cancer, diabetes or chronic respiratory disease",,,,,,,,,,,
233382,Contract,"3.4.1 - Mortality rate attributed to cardiovascular disease, cancer, diabetes or chronic respiratory disease",,,,,,,,,,,
234765,Contract,"3.4.1 - Mortality rate attributed to cardiovascular disease, cancer, diabetes or chronic respiratory disease",,,,,,,,,,,
222491,Contract,3.b.2 - Total net official development assistance to medical research and basic health sector,,,,,,,,,,,
235249,Contract,3.3.5 - Number of people requiring interventions against neglected tropical diseases,,,,,,,,,,,
217752,Contract,"3.3.4 - Hepatitis B incidence per 100,000 population",,,,,,,,,,,
231178,Contract,"3.3.4 - Hepatitis B incidence per 100,000 population",,,,,,,,,,,
217740,Contract,"3.3.2 - Tuberculosis incidence per 100,000 population",,,,,,,,,,,
217792,Contract,"3.3.2 - Tuberculosis incidence per 100,000 population",,,,,,,,,,,
219758,Contract,"3.3.2 - Tuberculosis incidence per 100,000 population",,,,,,,,,,,
222223,Contract,"3.3.2 - Tuberculosis incidence per 100,000 population",,,,,,,,,,,
229066,Contract,"3.3.2 - Tuberculosis incidence per 100,000 population",,,,,,,,,,,
234683,Contract,"3.3.2 - Tuberculosis incidence per 100,000 population",,,,,,,,,,,
234691,Contract,"3.3.2 - Tuberculosis incidence per 100,000 population",,,,,,,,,,,
234696,Contract,"3.3.2 - Tuberculosis incidence per 100,000 population",,,,,,,,,,,
217768,Contract,3.b.2 - Total net official development assistance to medical research and basic health sector,,,,,,,,,,,
217771,Contract,3.b.2 - Total net official development assistance to medical research and basic health sector,,,,,,,,,,,
218986,Contract,"3.4.1 - Mortality rate attributed to cardiovascular disease, cancer, diabetes or chronic respiratory disease",,,,,,,,,,,
232496,Contract,3.3.5 - Number of people requiring interventions against neglected tropical diseases,3.d.1 - International Health Regulations (IHR) capacity and health emergency preparedness,,,,,,,,,,
212689,Contract,3.b.2 - Total net official development assistance to medical research and basic health sector,,,,,,,,,,,
215533,Contract,3.b.1 - Proportion of the target population covered by all vaccines included in their national programme,3.b.2 - Total net official development assistance to medical research and basic health sector,,,,,,,,,,
216805,Contract,3.3.5 - Number of people requiring interventions against neglected tropical diseases,3.b.1 - Proportion of the target population covered by all vaccines included in their national programme,3.d.1 - International Health Regulations (IHR) capacity and health emergency preparedness,,,,,,,,,
217090,Contract,3.b.1 - Proportion of the target population covered by all vaccines included in their national programme,,,,,,,,,,,
217097,Contract,3.b.1 - Proportion of the target population covered by all vaccines included in their national programme,3.b.2 - Total net official development assistance to medical research and basic health sector,,,,,,,,,,
221881,Contract,3.b.1 - Proportion of the target population covered by all vaccines included in their national programme,,,,,,,,,,,
221914,Contract,3.b.1 - Proportion of the target population covered by all vaccines included in their national programme,,,,,,,,,,,
221947,Contract,3.b.1 - Proportion of the target population covered by all vaccines included in their national programme,,,,,,,,,,,
222034,Contract,3.b.1 - Proportion of the target population covered by all vaccines included in their national programme,3.b.2 - Total net official development assistance to medical research and basic health sector,,,,,,,,,,
224862,Contract,3.b.1 - Proportion of the target population covered by all vaccines included in their national programme,,,,,,,,,,,
233357,Contract,"3.3.1 - Number of new HIV infections per 1,000 uninfected population, by sex, age and key populations",,,,,,,,,,,
91771,News,3.2.2 - Neonatal mortality rate,"3.3.1 - Number of new HIV infections per 1,000 uninfected population, by sex, age and key populations",,,,,,,,,,
90679,News,3.1.1 - Maternal mortality ratio,,,,,,,,,,,
92567,News,"3.4.1 - Mortality rate attributed to cardiovascular disease, cancer, diabetes or chronic respiratory disease",3.7.1 - Proportion of women of reproductive age (aged 15_49 years) who have their need for family planning satisfied with modern methods,"3.7.2 - Adolescent birth rate (aged 10_14 years; aged 15_19 years) per 1,000 women in that age group",,,,,,,,,
92157,News,"3.4.1 - Mortality rate attributed to cardiovascular disease, cancer, diabetes or chronic respiratory disease",,,,,,,,,,,
90678,News,"3.4.1 - Mortality rate attributed to cardiovascular disease, cancer, diabetes or chronic respiratory disease",,,,,,,,,,,
91227,News,3.4.2 - Suicide mortality rate,"3.5.1 - Coverage of treatment interventions (pharmacological, psychosocial and rehabilitation and aftercare services) for substance use disorders",3.d.1 - International Health Regulations (IHR) capacity and health emergency preparedness,,,,,,,,,
90638,News,3.7.1 - Proportion of women of reproductive age (aged 15_49 years) who have their need for family planning satisfied with modern methods,"3.7.2 - Adolescent birth rate (aged 10_14 years; aged 15_19 years) per 1,000 women in that age group","3.8.1 - Coverage of essential health services (defined as the average coverage of essential services based on tracer interventions that include reproductive, maternal, newborn and child health, infectious diseases, non-communicable diseases and service capacity and access, among the general and the most disadvantaged population)",,,,,,,,,
90688,News,3.7.1 - Proportion of women of reproductive age (aged 15_49 years) who have their need for family planning satisfied with modern methods,"3.7.2 - Adolescent birth rate (aged 10_14 years; aged 15_19 years) per 1,000 women in that age group","3.8.1 - Coverage of essential health services (defined as the average coverage of essential services based on tracer interventions that include reproductive, maternal, newborn and child health, infectious diseases, non-communicable diseases and service capacity and access, among the general and the most disadvantaged population)",,,,,,,,,
91552,News,3.7.1 - Proportion of women of reproductive age (aged 15_49 years) who have their need for family planning satisfied with modern methods,"3.7.2 - Adolescent birth rate (aged 10_14 years; aged 15_19 years) per 1,000 women in that age group",,,,,,,,,,
92753,News,3.7.1 - Proportion of women of reproductive age (aged 15_49 years) who have their need for family planning satisfied with modern methods,"3.7.2 - Adolescent birth rate (aged 10_14 years; aged 15_19 years) per 1,000 women in that age group","3.8.1 - Coverage of essential health services (defined as the average coverage of essential services based on tracer interventions that include reproductive, maternal, newborn and child health, infectious diseases, non-communicable diseases and service capacity and access, among the general and the most disadvantaged population)",,,,,,,,,
91685,News,3.7.1 - Proportion of women of reproductive age (aged 15_49 years) who have their need for family planning satisfied with modern methods,"3.7.2 - Adolescent birth rate (aged 10_14 years; aged 15_19 years) per 1,000 women in that age group","3.8.1 - Coverage of essential health services (defined as the average coverage of essential services based on tracer interventions that include reproductive, maternal, newborn and child health, infectious diseases, non-communicable diseases and service capacity and access, among the general and the most disadvantaged population)",,,,,,,,,
92187,News,"3.9.2 - Mortality rate attributed to unsafe water, unsafe sanitation and lack of hygiene (exposure to unsafe Water, Sanitation and Hygiene for All (WASH) services)",,,,,,,,,,,
92082,News,"3.9.2 - Mortality rate attributed to unsafe water, unsafe sanitation and lack of hygiene (exposure to unsafe Water, Sanitation and Hygiene for All (WASH) services)",,,,,,,,,,,
92350,News,"3.9.2 - Mortality rate attributed to unsafe water, unsafe sanitation and lack of hygiene (exposure to unsafe Water, Sanitation and Hygiene for All (WASH) services)",,,,,,,,,,,
90939,News,"3.9.2 - Mortality rate attributed to unsafe water, unsafe sanitation and lack of hygiene (exposure to unsafe Water, Sanitation and Hygiene for All (WASH) services)",,,,,,,,,,,
92698,News,"3.9.2 - Mortality rate attributed to unsafe water, unsafe sanitation and lack of hygiene (exposure to unsafe Water, Sanitation and Hygiene for All (WASH) services)",,,,,,,,,,,
91647,News,"3.9.2 - Mortality rate attributed to unsafe water, unsafe sanitation and lack of hygiene (exposure to unsafe Water, Sanitation and Hygiene for All (WASH) services)",,,,,,,,,,,
91538,News,"3.9.2 - Mortality rate attributed to unsafe water, unsafe sanitation and lack of hygiene (exposure to unsafe Water, Sanitation and Hygiene for All (WASH) services)",,,,,,,,,,,
91334,News,"3.3.2 - Tuberculosis incidence per 100,000 population",,,,,,,,,,,
92826,News,"3.3.2 - Tuberculosis incidence per 100,000 population","3.4.1 - Mortality rate attributed to cardiovascular disease, cancer, diabetes or chronic respiratory disease",,,,,,,,,,
90984,News,3.b.1 - Proportion of the target population covered by all vaccines included in their national programme,,,,,,,,,,,
45106,Funding Info,"3.3.1 - Number of new HIV infections per 1,000 uninfected population, by sex, age and key populations",,,,,,,,,,,
50862,Funding Info,"3.3.1 - Number of new HIV infections per 1,000 uninfected population, by sex, age and key populations",,,,,,,,,,,
50961,Funding Info,"3.8.1 - Coverage of essential health services (defined as the average coverage of essential services based on tracer interventions that include reproductive, maternal, newborn and child health, infectious diseases, non-communicable diseases and service capacity and access, among the general and the most disadvantaged population)",,,,,,,,,,,
51134,Funding Info,3.7.1 - Proportion of women of reproductive age (aged 15_49 years) who have their need for family planning satisfied with modern methods,"3.7.2 - Adolescent birth rate (aged 10_14 years; aged 15_19 years) per 1,000 women in that age group","3.8.1 - Coverage of essential health services (defined as the average coverage of essential services based on tracer interventions that include reproductive, maternal, newborn and child health, infectious diseases, non-communicable diseases and service capacity and access, among the general and the most disadvantaged population)",,,,,,,,,
51149,Funding Info,"3.8.1 - Coverage of essential health services (defined as the average coverage of essential services based on tracer interventions that include reproductive, maternal, newborn and child health, infectious diseases, non-communicable diseases and service capacity and access, among the general and the most disadvantaged population)",,,,,,,,,,,
51863,Funding Info,3.1.1 - Maternal mortality ratio,3.2.1 - Under-5 mortality rate,3.2.2 - Neonatal mortality rate,,,,,,,,,
47010,Funding Info,"3.3.3 - Malaria incidence per 1,000 population",3.b.2 - Total net official development assistance to medical research and basic health sector,,,,,,,,,,
51082,Funding Info,"3.3.3 - Malaria incidence per 1,000 population",,,,,,,,,,,
45629,Funding Info,"3.9.2 - Mortality rate attributed to unsafe water, unsafe sanitation and lack of hygiene (exposure to unsafe Water, Sanitation and Hygiene for All (WASH) services)",3.d.1 - International Health Regulations (IHR) capacity and health emergency preparedness,,,,,,,,,,
48423,Funding Info,3.b.2 - Total net official development assistance to medical research and basic health sector,,,,,,,,,,,
50732,Funding Info,"3.4.1 - Mortality rate attributed to cardiovascular disease, cancer, diabetes or chronic respiratory disease",,,,,,,,,,,
45391,Funding Info,"3.4.1 - Mortality rate attributed to cardiovascular disease, cancer, diabetes or chronic respiratory disease",3.b.2 - Total net official development assistance to medical research and basic health sector,,,,,,,,,,
45279,Funding Info,3.a.1 - Age-standardized prevalence of current tobacco use among persons aged 15 years and older,,,,,,,,,,,
48474,Funding Info,3.d.1 - International Health Regulations (IHR) capacity and health emergency preparedness,,,,,,,,,,,
50657,Funding Info,3.7.1 - Proportion of women of reproductive age (aged 15_49 years) who have their need for family planning satisfied with modern methods,"3.7.2 - Adolescent birth rate (aged 10_14 years; aged 15_19 years) per 1,000 women in that age group",,,,,,,,,,
51156,Funding Info,3.7.1 - Proportion of women of reproductive age (aged 15_49 years) who have their need for family planning satisfied with modern methods,"3.7.2 - Adolescent birth rate (aged 10_14 years; aged 15_19 years) per 1,000 women in that age group","3.8.1 - Coverage of essential health services (defined as the average coverage of essential services based on tracer interventions that include reproductive, maternal, newborn and child health, infectious diseases, non-communicable diseases and service capacity and access, among the general and the most disadvantaged population)",,,,,,,,,
48698,Funding Info,"3.9.2 - Mortality rate attributed to unsafe water, unsafe sanitation and lack of hygiene (exposure to unsafe Water, Sanitation and Hygiene for All (WASH) services)",,,,,,,,,,,
45636,Funding Info,"3.9.2 - Mortality rate attributed to unsafe water, unsafe sanitation and lack of hygiene (exposure to unsafe Water, Sanitation and Hygiene for All (WASH) services)",,,,,,,,,,,
48339,Funding Info,"3.9.2 - Mortality rate attributed to unsafe water, unsafe sanitation and lack of hygiene (exposure to unsafe Water, Sanitation and Hygiene for All (WASH) services)",,,,,,,,,,,
50481,Funding Info,3.3.5 - Number of people requiring interventions against neglected tropical diseases,"3.8.1 - Coverage of essential health services (defined as the average coverage of essential services based on tracer interventions that include reproductive, maternal, newborn and child health, infectious diseases, non-communicable diseases and service capacity and access, among the general and the most disadvantaged population)","3.9.2 - Mortality rate attributed to unsafe water, unsafe sanitation and lack of hygiene (exposure to unsafe Water, Sanitation and Hygiene for All (WASH) services)",,,,,,,,,
50560,Funding Info,3.d.1 - International Health Regulations (IHR) capacity and health emergency preparedness,,,,,,,,,,,
50703,Funding Info,"3.9.2 - Mortality rate attributed to unsafe water, unsafe sanitation and lack of hygiene (exposure to unsafe Water, Sanitation and Hygiene for All (WASH) services)",,,,,,,,,,,
50951,Funding Info,3.7.1 - Proportion of women of reproductive age (aged 15_49 years) who have their need for family planning satisfied with modern methods,"3.7.2 - Adolescent birth rate (aged 10_14 years; aged 15_19 years) per 1,000 women in that age group","3.9.2 - Mortality rate attributed to unsafe water, unsafe sanitation and lack of hygiene (exposure to unsafe Water, Sanitation and Hygiene for All (WASH) services)",,,,,,,,,
51054,Funding Info,"3.9.2 - Mortality rate attributed to unsafe water, unsafe sanitation and lack of hygiene (exposure to unsafe Water, Sanitation and Hygiene for All (WASH) services)",,,,,,,,,,,
51694,Funding Info,"3.9.2 - Mortality rate attributed to unsafe water, unsafe sanitation and lack of hygiene (exposure to unsafe Water, Sanitation and Hygiene for All (WASH) services)",,,,,,,,,,,
48348,Funding Info,"3.9.2 - Mortality rate attributed to unsafe water, unsafe sanitation and lack of hygiene (exposure to unsafe Water, Sanitation and Hygiene for All (WASH) services)",,,,,,,,,,,
45475,Funding Info,"3.9.2 - Mortality rate attributed to unsafe water, unsafe sanitation and lack of hygiene (exposure to unsafe Water, Sanitation and Hygiene for All (WASH) services)",3.d.1 - International Health Regulations (IHR) capacity and health emergency preparedness,,,,,,,,,,
45601,Funding Info,3.d.1 - International Health Regulations (IHR) capacity and health emergency preparedness,,,,,,,,,,,
48174,Funding Info,3.d.1 - International Health Regulations (IHR) capacity and health emergency preparedness,,,,,,,,,,,
48623,Funding Info,3.d.1 - International Health Regulations (IHR) capacity and health emergency preparedness,,,,,,,,,,,
48829,Funding Info,3.3.5 - Number of people requiring interventions against neglected tropical diseases,3.d.1 - International Health Regulations (IHR) capacity and health emergency preparedness,,,,,,,,,,
48861,Funding Info,3.3.5 - Number of people requiring interventions against neglected tropical diseases,3.d.1 - International Health Regulations (IHR) capacity and health emergency preparedness,,,,,,,,,,
49064,Funding Info,3.3.5 - Number of people requiring interventions against neglected tropical diseases,3.d.1 - International Health Regulations (IHR) capacity and health emergency preparedness,,,,,,,,,,
50377,Funding Info,3.3.5 - Number of people requiring interventions against neglected tropical diseases,3.d.1 - International Health Regulations (IHR) capacity and health emergency preparedness,,,,,,,,,,
50544,Funding Info,3.3.5 - Number of people requiring interventions against neglected tropical diseases,3.d.1 - International Health Regulations (IHR) capacity and health emergency preparedness,,,,,,,,,,
51253,Funding Info,3.d.1 - International Health Regulations (IHR) capacity and health emergency preparedness,,,,,,,,,,,
51364,Funding Info,3.d.1 - International Health Regulations (IHR) capacity and health emergency preparedness,,,,,,,,,,,
48363,Funding Info,3.b.2 - Total net official development assistance to medical research and basic health sector,,,,,,,,,,,
48898,Funding Info,3.b.2 - Total net official development assistance to medical research and basic health sector,,,,,,,,,,,
45420,Funding Info,3.9.1 - Mortality rate attributed to household and ambient air pollution,,,,,,,,,,,
51136,Funding Info,3.7.1 - Proportion of women of reproductive age (aged 15_49 years) who have their need for family planning satisfied with modern methods,"3.7.2 - Adolescent birth rate (aged 10_14 years; aged 15_19 years) per 1,000 women in that age group","3.8.1 - Coverage of essential health services (defined as the average coverage of essential services based on tracer interventions that include reproductive, maternal, newborn and child health, infectious diseases, non-communicable diseases and service capacity and access, among the general and the most disadvantaged population)",,,,,,,,,
11284,Grant,3.3.5 - Number of people requiring interventions against neglected tropical diseases,3.b.2 - Total net official development assistance to medical research and basic health sector,,,,,,,,,,
11295,Grant,3.1.1 - Maternal mortality ratio,3.2.1 - Under-5 mortality rate,,,,,,,,,,
11316,Grant,3.b.2 - Total net official development assistance to medical research and basic health sector,,,,,,,,,,,
11329,Grant,3.c.1 - Health worker density and distribution,,,,,,,,,,,
11356,Grant,3.c.1 - Health worker density and distribution,,,,,,,,,,,
11358,Grant,3.b.2 - Total net official development assistance to medical research and basic health sector,,,,,,,,,,,
11370,Grant,3.b.2 - Total net official development assistance to medical research and basic health sector,,,,,,,,,,,
11375,Grant,3.b.2 - Total net official development assistance to medical research and basic health sector,,,,,,,,,,,
11390,Grant,3.b.2 - Total net official development assistance to medical research and basic health sector,3.c.1 - Health worker density and distribution,,,,,,,,,,
11406,Grant,3.b.2 - Total net official development assistance to medical research and basic health sector,,,,,,,,,,,
11428,Grant,"3.4.1 - Mortality rate attributed to cardiovascular disease, cancer, diabetes or chronic respiratory disease",3.a.1 - Age-standardized prevalence of current tobacco use among persons aged 15 years and older,3.b.2 - Total net official development assistance to medical research and basic health sector,,,,,,,,,
11429,Grant,3.b.2 - Total net official development assistance to medical research and basic health sector,,,,,,,,,,,
11437,Grant,3.c.1 - Health worker density and distribution,,,,,,,,,,,
11474,Grant,3.b.2 - Total net official development assistance to medical research and basic health sector,,,,,,,,,,,
11475,Grant,3.b.2 - Total net official development assistance to medical research and basic health sector,,,,,,,,,,,
11476,Grant,"3.4.1 - Mortality rate attributed to cardiovascular disease, cancer, diabetes or chronic respiratory disease",3.b.2 - Total net official development assistance to medical research and basic health sector,,,,,,,,,,
11486,Grant,3.b.2 - Total net official development assistance to medical research and basic health sector,,,,,,,,,,,
11489,Grant,3.b.2 - Total net official development assistance to medical research and basic health sector,,,,,,,,,,,
11490,Grant,3.b.2 - Total net official development assistance to medical research and basic health sector,,,,,,,,,,,
11494,Grant,3.b.2 - Total net official development assistance to medical research and basic health sector,,,,,,,,,,,
11512,Grant,3.b.2 - Total net official development assistance to medical research and basic health sector,,,,,,,,,,,
11514,Grant,3.b.2 - Total net official development assistance to medical research and basic health sector,,,,,,,,,,,
11535,Grant,3.4.2 - Suicide mortality rate,3.b.2 - Total net official development assistance to medical research and basic health sector,,,,,,,,,,
11539,Grant,3.b.2 - Total net official development assistance to medical research and basic health sector,,,,,,,,,,,
11540,Grant,3.b.2 - Total net official development assistance to medical research and basic health sector,,,,,,,,,,,
11543,Grant,3.b.2 - Total net official development assistance to medical research and basic health sector,,,,,,,,,,,
11580,Grant,"3.5.2 - Harmful use of alcohol, defined according to the national context as alcohol per capita consumption (aged 15 years and older) within a calendar year in litres of pure alcohol","3.8.1 - Coverage of essential health services (defined as the average coverage of essential services based on tracer interventions that include reproductive, maternal, newborn and child health, infectious diseases, non-communicable diseases and service capacity and access, among the general and the most disadvantaged population)",3.b.2 - Total net official development assistance to medical research and basic health sector,,,,,,,,,
11610,Grant,3.b.2 - Total net official development assistance to medical research and basic health sector,,,,,,,,,,,
11616,Grant,3.2.1 - Under-5 mortality rate,"3.9.2 - Mortality rate attributed to unsafe water, unsafe sanitation and lack of hygiene (exposure to unsafe Water, Sanitation and Hygiene for All (WASH) services)",,,,,,,,,,
11620,Grant,3.d.1 - International Health Regulations (IHR) capacity and health emergency preparedness,,,,,,,,,,,
11626,Grant,3.3.5 - Number of people requiring interventions against neglected tropical diseases,,,,,,,,,,,
11631,Grant,"3.4.1 - Mortality rate attributed to cardiovascular disease, cancer, diabetes or chronic respiratory disease",3.b.2 - Total net official development assistance to medical research and basic health sector,,,,,,,,,,
11637,Grant,3.3.5 - Number of people requiring interventions against neglected tropical diseases,,,,,,,,,,,
11651,Grant,"3.3.1 - Number of new HIV infections per 1,000 uninfected population, by sex, age and key populations",,,,,,,,,,,
11658,Grant,3.b.2 - Total net official development assistance to medical research and basic health sector,,,,,,,,,,,
11662,Grant,"3.3.1 - Number of new HIV infections per 1,000 uninfected population, by sex, age and key populations",,,,,,,,,,,
11667,Grant,3.2.1 - Under-5 mortality rate,"3.4.1 - Mortality rate attributed to cardiovascular disease, cancer, diabetes or chronic respiratory disease",,,,,,,,,,
11687,Grant,"3.5.2 - Harmful use of alcohol, defined according to the national context as alcohol per capita consumption (aged 15 years and older) within a calendar year in litres of pure alcohol",3.b.2 - Total net official development assistance to medical research and basic health sector,,,,,,,,,,
11690,Grant,3.b.2 - Total net official development assistance to medical research and basic health sector,,,,,,,,,,,
11691,Grant,"3.3.4 - Hepatitis B incidence per 100,000 population","3.5.2 - Harmful use of alcohol, defined according to the national context as alcohol per capita consumption (aged 15 years and older) within a calendar year in litres of pure alcohol",3.b.2 - Total net official development assistance to medical research and basic health sector,,,,,,,,,
11692,Grant,"3.3.4 - Hepatitis B incidence per 100,000 population","3.5.2 - Harmful use of alcohol, defined according to the national context as alcohol per capita consumption (aged 15 years and older) within a calendar year in litres of pure alcohol",3.b.2 - Total net official development assistance to medical research and basic health sector,,,,,,,,,
11693,Grant,"3.3.4 - Hepatitis B incidence per 100,000 population","3.5.2 - Harmful use of alcohol, defined according to the national context as alcohol per capita consumption (aged 15 years and older) within a calendar year in litres of pure alcohol",3.b.2 - Total net official development assistance to medical research and basic health sector,,,,,,,,,
11716,Grant,"3.3.1 - Number of new HIV infections per 1,000 uninfected population, by sex, age and key populations",,,,,,,,,,,
11718,Grant,3.b.2 - Total net official development assistance to medical research and basic health sector,,,,,,,,,,,
11721,Grant,"3.3.1 - Number of new HIV infections per 1,000 uninfected population, by sex, age and key populations",3.b.2 - Total net official development assistance to medical research and basic health sector,,,,,,,,,,
11732,Grant,"3.3.1 - Number of new HIV infections per 1,000 uninfected population, by sex, age and key populations",3.4.2 - Suicide mortality rate,,,,,,,,,,
11733,Grant,"3.4.1 - Mortality rate attributed to cardiovascular disease, cancer, diabetes or chronic respiratory disease",3.b.2 - Total net official development assistance to medical research and basic health sector,,,,,,,,,,
11734,Grant,"3.4.1 - Mortality rate attributed to cardiovascular disease, cancer, diabetes or chronic respiratory disease","3.5.1 - Coverage of treatment interventions (pharmacological, psychosocial and rehabilitation and aftercare services) for substance use disorders","3.5.2 - Harmful use of alcohol, defined according to the national context as alcohol per capita consumption (aged 15 years and older) within a calendar year in litres of pure alcohol",3.a.1 - Age-standardized prevalence of current tobacco use among persons aged 15 years and older,3.b.2 - Total net official development assistance to medical research and basic health sector,,,,,,,
11750,Grant,"3.3.1 - Number of new HIV infections per 1,000 uninfected population, by sex, age and key populations",3.b.2 - Total net official development assistance to medical research and basic health sector,,,,,,,,,,
11755,Grant,"3.3.1 - Number of new HIV infections per 1,000 uninfected population, by sex, age and key populations",,,,,,,,,,,
11766,Grant,"3.3.1 - Number of new HIV infections per 1,000 uninfected population, by sex, age and key populations",,,,,,,,,,,
11781,Grant,"3.3.1 - Number of new HIV infections per 1,000 uninfected population, by sex, age and key populations",3.b.2 - Total net official development assistance to medical research and basic health sector,,,,,,,,,,
11786,Grant,"3.3.1 - Number of new HIV infections per 1,000 uninfected population, by sex, age and key populations","3.8.1 - Coverage of essential health services (defined as the average coverage of essential services based on tracer interventions that include reproductive, maternal, newborn and child health, infectious diseases, non-communicable diseases and service capacity and access, among the general and the most disadvantaged population)",,,,,,,,,,
11805,Grant,3.b.2 - Total net official development assistance to medical research and basic health sector,,,,,,,,,,,
11806,Grant,3.b.2 - Total net official development assistance to medical research and basic health sector,,,,,,,,,,,
11814,Grant,3.b.2 - Total net official development assistance to medical research and basic health sector,,,,,,,,,,,
11827,Grant,"3.3.3 - Malaria incidence per 1,000 population",,,,,,,,,,,
11833,Grant,3.b.2 - Total net official development assistance to medical research and basic health sector,,,,,,,,,,,
11836,Grant,3.b.2 - Total net official development assistance to medical research and basic health sector,,,,,,,,,,,
11844,Grant,3.b.2 - Total net official development assistance to medical research and basic health sector,,,,,,,,,,,
11857,Grant,"3.4.1 - Mortality rate attributed to cardiovascular disease, cancer, diabetes or chronic respiratory disease",3.b.2 - Total net official development assistance to medical research and basic health sector,,,,,,,,,,
11867,Grant,3.b.2 - Total net official development assistance to medical research and basic health sector,,,,,,,,,,,
11871,Grant,3.b.2 - Total net official development assistance to medical research and basic health sector,,,,,,,,,,,
11884,Grant,"3.4.1 - Mortality rate attributed to cardiovascular disease, cancer, diabetes or chronic respiratory disease",3.b.2 - Total net official development assistance to medical research and basic health sector,,,,,,,,,,
11900,Grant,3.b.2 - Total net official development assistance to medical research and basic health sector,,,,,,,,,,,
11911,Grant,3.b.1 - Proportion of the target population covered by all vaccines included in their national programme,3.c.1 - Health worker density and distribution,,,,,,,,,,
11917,Grant,3.b.2 - Total net official development assistance to medical research and basic health sector,,,,,,,,,,,
11918,Grant,3.b.2 - Total net official development assistance to medical research and basic health sector,,,,,,,,,,,
11920,Grant,3.c.1 - Health worker density and distribution,,,,,,,,,,,
11934,Grant,"3.4.1 - Mortality rate attributed to cardiovascular disease, cancer, diabetes or chronic respiratory disease",3.b.2 - Total net official development assistance to medical research and basic health sector,,,,,,,,,,
11944,Grant,3.4.2 - Suicide mortality rate,3.b.2 - Total net official development assistance to medical research and basic health sector,,,,,,,,,,
11970,Grant,"3.3.1 - Number of new HIV infections per 1,000 uninfected population, by sex, age and key populations",,,,,,,,,,,
11984,Grant,"3.4.1 - Mortality rate attributed to cardiovascular disease, cancer, diabetes or chronic respiratory disease",3.b.2 - Total net official development assistance to medical research and basic health sector,,,,,,,,,,
11985,Grant,"3.4.1 - Mortality rate attributed to cardiovascular disease, cancer, diabetes or chronic respiratory disease",3.b.2 - Total net official development assistance to medical research and basic health sector,,,,,,,,,,
12006,Grant,"3.4.1 - Mortality rate attributed to cardiovascular disease, cancer, diabetes or chronic respiratory disease",,,,,,,,,,,
12034,Grant,3.b.2 - Total net official development assistance to medical research and basic health sector,,,,,,,,,,,
12063,Grant,"3.3.1 - Number of new HIV infections per 1,000 uninfected population, by sex, age and key populations",,,,,,,,,,,
12071,Grant,"3.4.1 - Mortality rate attributed to cardiovascular disease, cancer, diabetes or chronic respiratory disease",3.b.2 - Total net official development assistance to medical research and basic health sector,,,,,,,,,,
12076,Grant,"3.3.1 - Number of new HIV infections per 1,000 uninfected population, by sex, age and key populations",,,,,,,,,,,
12079,Grant,3.b.2 - Total net official development assistance to medical research and basic health sector,,,,,,,,,,,
12082,Grant,"3.3.1 - Number of new HIV infections per 1,000 uninfected population, by sex, age and key populations",,,,,,,,,,,
12096,Grant,3.b.2 - Total net official development assistance to medical research and basic health sector,,,,,,,,,,,
12099,Grant,"3.8.1 - Coverage of essential health services (defined as the average coverage of essential services based on tracer interventions that include reproductive, maternal, newborn and child health, infectious diseases, non-communicable diseases and service capacity and access, among the general and the most disadvantaged population)",,,,,,,,,,,
12100,Grant,3.b.2 - Total net official development assistance to medical research and basic health sector,,,,,,,,,,,
12128,Grant,3.b.2 - Total net official development assistance to medical research and basic health sector,,,,,,,,,,,
12129,Grant,3.b.2 - Total net official development assistance to medical research and basic health sector,,,,,,,,,,,
12131,Grant,"3.3.1 - Number of new HIV infections per 1,000 uninfected population, by sex, age and key populations",3.b.2 - Total net official development assistance to medical research and basic health sector,,,,,,,,,,
12134,Grant,"3.8.1 - Coverage of essential health services (defined as the average coverage of essential services based on tracer interventions that include reproductive, maternal, newborn and child health, infectious diseases, non-communicable diseases and service capacity and access, among the general and the most disadvantaged population)",,,,,,,,,,,
12150,Grant,3.c.1 - Health worker density and distribution,,,,,,,,,,,
12156,Grant,3.b.2 - Total net official development assistance to medical research and basic health sector,,,,,,,,,,,
12171,Grant,3.c.1 - Health worker density and distribution,,,,,,,,,,,
12173,Grant,"3.8.1 - Coverage of essential health services (defined as the average coverage of essential services based on tracer interventions that include reproductive, maternal, newborn and child health, infectious diseases, non-communicable diseases and service capacity and access, among the general and the most disadvantaged population)",3.b.2 - Total net official development assistance to medical research and basic health sector,,,,,,,,,,
12177,Grant,3.b.1 - Proportion of the target population covered by all vaccines included in their national programme,,,,,,,,,,,
12179,Grant,3.b.2 - Total net official development assistance to medical research and basic health sector,,,,,,,,,,,
12186,Grant,3.b.2 - Total net official development assistance to medical research and basic health sector,,,,,,,,,,,
12191,Grant,3.2.1 - Under-5 mortality rate,,,,,,,,,,,
12197,Grant,"3.8.1 - Coverage of essential health services (defined as the average coverage of essential services based on tracer interventions that include reproductive, maternal, newborn and child health, infectious diseases, non-communicable diseases and service capacity and access, among the general and the most disadvantaged population)",,,,,,,,,,,
12221,Grant,"3.3.2 - Tuberculosis incidence per 100,000 population",,,,,,,,,,,
12222,Grant,3.c.1 - Health worker density and distribution,,,,,,,,,,,
12239,Grant,"3.3.1 - Number of new HIV infections per 1,000 uninfected population, by sex, age and key populations",3.b.2 - Total net official development assistance to medical research and basic health sector,,,,,,,,,,
12253,Grant,"3.4.1 - Mortality rate attributed to cardiovascular disease, cancer, diabetes or chronic respiratory disease",,,,,,,,,,,
12256,Grant,3.b.2 - Total net official development assistance to medical research and basic health sector,,,,,,,,,,,
12257,Grant,"3.3.1 - Number of new HIV infections per 1,000 uninfected population, by sex, age and key populations",3.b.2 - Total net official development assistance to medical research and basic health sector,,,,,,,,,,
12261,Grant,3.a.1 - Age-standardized prevalence of current tobacco use among persons aged 15 years and older,,,,,,,,,,,
12263,Grant,"3.8.1 - Coverage of essential health services (defined as the average coverage of essential services based on tracer interventions that include reproductive, maternal, newborn and child health, infectious diseases, non-communicable diseases and service capacity and access, among the general and the most disadvantaged population)",,,,,,,,,,,
12272,Grant,"3.5.2 - Harmful use of alcohol, defined according to the national context as alcohol per capita consumption (aged 15 years and older) within a calendar year in litres of pure alcohol","3.8.1 - Coverage of essential health services (defined as the average coverage of essential services based on tracer interventions that include reproductive, maternal, newborn and child health, infectious diseases, non-communicable diseases and service capacity and access, among the general and the most disadvantaged population)",3.b.2 - Total net official development assistance to medical research and basic health sector,,,,,,,,,
12276,Grant,3.b.2 - Total net official development assistance to medical research and basic health sector,,,,,,,,,,,
12277,Grant,3.b.2 - Total net official development assistance to medical research and basic health sector,,,,,,,,,,,
12278,Grant,3.b.2 - Total net official development assistance to medical research and basic health sector,,,,,,,,,,,
12280,Grant,3.b.2 - Total net official development assistance to medical research and basic health sector,,,,,,,,,,,
12291,Grant,"3.9.2 - Mortality rate attributed to unsafe water, unsafe sanitation and lack of hygiene (exposure to unsafe Water, Sanitation and Hygiene for All (WASH) services)",,,,,,,,,,,
12292,Grant,3.b.2 - Total net official development assistance to medical research and basic health sector,,,,,,,,,,,
12293,Grant,3.b.2 - Total net official development assistance to medical research and basic health sector,,,,,,,,,,,
12297,Grant,3.b.2 - Total net official development assistance to medical research and basic health sector,,,,,,,,,,,
12305,Grant,"3.4.1 - Mortality rate attributed to cardiovascular disease, cancer, diabetes or chronic respiratory disease",3.b.2 - Total net official development assistance to medical research and basic health sector,,,,,,,,,,
12348,Grant,"3.4.1 - Mortality rate attributed to cardiovascular disease, cancer, diabetes or chronic respiratory disease",3.b.2 - Total net official development assistance to medical research and basic health sector,,,,,,,,,,
12355,Grant,3.b.2 - Total net official development assistance to medical research and basic health sector,,,,,,,,,,,
12358,Grant,3.b.2 - Total net official development assistance to medical research and basic health sector,,,,,,,,,,,
12363,Grant,3.b.2 - Total net official development assistance to medical research and basic health sector,,,,,,,,,,,
12364,Grant,3.b.2 - Total net official development assistance to medical research and basic health sector,,,,,,,,,,,
12365,Grant,"3.3.1 - Number of new HIV infections per 1,000 uninfected population, by sex, age and key populations",,,,,,,,,,,
12379,Grant,3.1.1 - Maternal mortality ratio,3.2.1 - Under-5 mortality rate,"3.3.3 - Malaria incidence per 1,000 population",,,,,,,,,
12387,Grant,3.b.2 - Total net official development assistance to medical research and basic health sector,,,,,,,,,,,
12400,Grant,"3.3.1 - Number of new HIV infections per 1,000 uninfected population, by sex, age and key populations",,,,,,,,,,,
12403,Grant,"3.3.1 - Number of new HIV infections per 1,000 uninfected population, by sex, age and key populations",3.c.1 - Health worker density and distribution,,,,,,,,,,
12406,Grant,3.b.2 - Total net official development assistance to medical research and basic health sector,,,,,,,,,,,
12411,Grant,3.b.2 - Total net official development assistance to medical research and basic health sector,,,,,,,,,,,
12424,Grant,"3.3.1 - Number of new HIV infections per 1,000 uninfected population, by sex, age and key populations","3.5.1 - Coverage of treatment interventions (pharmacological, psychosocial and rehabilitation and aftercare services) for substance use disorders","3.5.2 - Harmful use of alcohol, defined according to the national context as alcohol per capita consumption (aged 15 years and older) within a calendar year in litres of pure alcohol",3.a.1 - Age-standardized prevalence of current tobacco use among persons aged 15 years and older,,,,,,,,
12427,Grant,3.b.2 - Total net official development assistance to medical research and basic health sector,,,,,,,,,,,
12438,Grant,3.b.2 - Total net official development assistance to medical research and basic health sector,,,,,,,,,,,
12441,Grant,3.2.1 - Under-5 mortality rate,,,,,,,,,,,
12462,Grant,3.b.2 - Total net official development assistance to medical research and basic health sector,,,,,,,,,,,
12468,Grant,"3.3.1 - Number of new HIV infections per 1,000 uninfected population, by sex, age and key populations","3.5.1 - Coverage of treatment interventions (pharmacological, psychosocial and rehabilitation and aftercare services) for substance use disorders",3.a.1 - Age-standardized prevalence of current tobacco use among persons aged 15 years and older,3.b.2 - Total net official development assistance to medical research and basic health sector,,,,,,,,
12469,Grant,3.b.2 - Total net official development assistance to medical research and basic health sector,3.c.1 - Health worker density and distribution,,,,,,,,,,
12508,Grant,3.b.2 - Total net official development assistance to medical research and basic health sector,,,,,,,,,,,
12512,Grant,"3.5.1 - Coverage of treatment interventions (pharmacological, psychosocial and rehabilitation and aftercare services) for substance use disorders",3.a.1 - Age-standardized prevalence of current tobacco use among persons aged 15 years and older,3.b.2 - Total net official development assistance to medical research and basic health sector,,,,,,,,,
12534,Grant,3.b.2 - Total net official development assistance to medical research and basic health sector,,,,,,,,,,,
12537,Grant,3.b.2 - Total net official development assistance to medical research and basic health sector,,,,,,,,,,,
12542,Grant,"3.5.1 - Coverage of treatment interventions (pharmacological, psychosocial and rehabilitation and aftercare services) for substance use disorders",3.b.2 - Total net official development assistance to medical research and basic health sector,,,,,,,,,,
12547,Grant,3.b.2 - Total net official development assistance to medical research and basic health sector,,,,,,,,,,,
12559,Grant,3.1.1 - Maternal mortality ratio,3.2.1 - Under-5 mortality rate,3.b.2 - Total net official development assistance to medical research and basic health sector,3.c.1 - Health worker density and distribution,,,,,,,,
12577,Grant,3.b.2 - Total net official development assistance to medical research and basic health sector,3.c.1 - Health worker density and distribution,,,,,,,,,,
12583,Grant,3.b.2 - Total net official development assistance to medical research and basic health sector,,,,,,,,,,,
12585,Grant,"3.8.1 - Coverage of essential health services (defined as the average coverage of essential services based on tracer interventions that include reproductive, maternal, newborn and child health, infectious diseases, non-communicable diseases and service capacity and access, among the general and the most disadvantaged population)",3.b.2 - Total net official development assistance to medical research and basic health sector,3.b.3 - Proportion of health facilities that have a core set of relevant essential medicines available and affordable on a sustainable basis,,,,,,,,,
12589,Grant,3.b.2 - Total net official development assistance to medical research and basic health sector,,,,,,,,,,,
12590,Grant,"3.3.1 - Number of new HIV infections per 1,000 uninfected population, by sex, age and key populations","3.5.1 - Coverage of treatment interventions (pharmacological, psychosocial and rehabilitation and aftercare services) for substance use disorders","3.5.2 - Harmful use of alcohol, defined according to the national context as alcohol per capita consumption (aged 15 years and older) within a calendar year in litres of pure alcohol",3.a.1 - Age-standardized prevalence of current tobacco use among persons aged 15 years and older,3.b.2 - Total net official development assistance to medical research and basic health sector,,,,,,,
12610,Grant,"3.5.1 - Coverage of treatment interventions (pharmacological, psychosocial and rehabilitation and aftercare services) for substance use disorders",3.b.2 - Total net official development assistance to medical research and basic health sector,,,,,,,,,,
12631,Grant,"3.3.1 - Number of new HIV infections per 1,000 uninfected population, by sex, age and key populations",,,,,,,,,,,
12645,Grant,3.b.2 - Total net official development assistance to medical research and basic health sector,,,,,,,,,,,
12648,Grant,"3.5.1 - Coverage of treatment interventions (pharmacological, psychosocial and rehabilitation and aftercare services) for substance use disorders",3.a.1 - Age-standardized prevalence of current tobacco use among persons aged 15 years and older,3.b.2 - Total net official development assistance to medical research and basic health sector,,,,,,,,,
12667,Grant,3.b.2 - Total net official development assistance to medical research and basic health sector,,,,,,,,,,,
12691,Grant,3.b.2 - Total net official development assistance to medical research and basic health sector,,,,,,,,,,,
12712,Grant,3.b.2 - Total net official development assistance to medical research and basic health sector,,,,,,,,,,,
12713,Grant,3.b.2 - Total net official development assistance to medical research and basic health sector,,,,,,,,,,,
12724,Grant,3.b.2 - Total net official development assistance to medical research and basic health sector,,,,,,,,,,,
12728,Grant,"3.8.1 - Coverage of essential health services (defined as the average coverage of essential services based on tracer interventions that include reproductive, maternal, newborn and child health, infectious diseases, non-communicable diseases and service capacity and access, among the general and the most disadvantaged population)",3.8.2 - Proportion of population with large household expenditures on health as a share of total household expenditure or income,3.b.3 - Proportion of health facilities that have a core set of relevant essential medicines available and affordable on a sustainable basis,,,,,,,,,
12749,Grant,3.b.2 - Total net official development assistance to medical research and basic health sector,,,,,,,,,,,
12765,Grant,3.1.1 - Maternal mortality ratio,3.2.1 - Under-5 mortality rate,3.b.2 - Total net official development assistance to medical research and basic health sector,,,,,,,,,
12807,Grant,"3.3.1 - Number of new HIV infections per 1,000 uninfected population, by sex, age and key populations",,,,,,,,,,,
12830,Grant,3.b.2 - Total net official development assistance to medical research and basic health sector,,,,,,,,,,,
12831,Grant,3.b.2 - Total net official development assistance to medical research and basic health sector,,,,,,,,,,,
12836,Grant,"3.4.1 - Mortality rate attributed to cardiovascular disease, cancer, diabetes or chronic respiratory disease",,,,,,,,,,,
12848,Grant,"3.3.1 - Number of new HIV infections per 1,000 uninfected population, by sex, age and key populations",3.b.2 - Total net official development assistance to medical research and basic health sector,,,,,,,,,,
12898,Grant,3.b.2 - Total net official development assistance to medical research and basic health sector,,,,,,,,,,,
12899,Grant,3.b.2 - Total net official development assistance to medical research and basic health sector,,,,,,,,,,,
12916,Grant,"3.4.1 - Mortality rate attributed to cardiovascular disease, cancer, diabetes or chronic respiratory disease",3.b.2 - Total net official development assistance to medical research and basic health sector,,,,,,,,,,
12917,Grant,3.b.2 - Total net official development assistance to medical research and basic health sector,,,,,,,,,,,
13004,Grant,3.b.2 - Total net official development assistance to medical research and basic health sector,,,,,,,,,,,
13018,Grant,"3.9.2 - Mortality rate attributed to unsafe water, unsafe sanitation and lack of hygiene (exposure to unsafe Water, Sanitation and Hygiene for All (WASH) services)",,,,,,,,,,,
13030,Grant,3.b.2 - Total net official development assistance to medical research and basic health sector,3.c.1 - Health worker density and distribution,,,,,,,,,,
13050,Grant,"3.8.1 - Coverage of essential health services (defined as the average coverage of essential services based on tracer interventions that include reproductive, maternal, newborn and child health, infectious diseases, non-communicable diseases and service capacity and access, among the general and the most disadvantaged population)",,,,,,,,,,,
13073,Grant,"3.4.1 - Mortality rate attributed to cardiovascular disease, cancer, diabetes or chronic respiratory disease",3.b.2 - Total net official development assistance to medical research and basic health sector,,,,,,,,,,
13074,Grant,3.b.2 - Total net official development assistance to medical research and basic health sector,,,,,,,,,,,
13075,Grant,"3.8.1 - Coverage of essential health services (defined as the average coverage of essential services based on tracer interventions that include reproductive, maternal, newborn and child health, infectious diseases, non-communicable diseases and service capacity and access, among the general and the most disadvantaged population)",3.8.2 - Proportion of population with large household expenditures on health as a share of total household expenditure or income,3.b.1 - Proportion of the target population covered by all vaccines included in their national programme,3.b.2 - Total net official development assistance to medical research and basic health sector,3.b.3 - Proportion of health facilities that have a core set of relevant essential medicines available and affordable on a sustainable basis,,,,,,,
13088,Grant,"3.3.2 - Tuberculosis incidence per 100,000 population",,,,,,,,,,,
13157,Grant,3.b.2 - Total net official development assistance to medical research and basic health sector,,,,,,,,,,,
13158,Grant,3.b.2 - Total net official development assistance to medical research and basic health sector,,,,,,,,,,,
13173,Grant,"3.3.1 - Number of new HIV infections per 1,000 uninfected population, by sex, age and key populations",,,,,,,,,,,
13182,Grant,3.b.2 - Total net official development assistance to medical research and basic health sector,,,,,,,,,,,
13248,Grant,"3.3.2 - Tuberculosis incidence per 100,000 population",,,,,,,,,,,
13259,Grant,"3.3.1 - Number of new HIV infections per 1,000 uninfected population, by sex, age and key populations","3.5.1 - Coverage of treatment interventions (pharmacological, psychosocial and rehabilitation and aftercare services) for substance use disorders","3.5.2 - Harmful use of alcohol, defined according to the national context as alcohol per capita consumption (aged 15 years and older) within a calendar year in litres of pure alcohol",3.a.1 - Age-standardized prevalence of current tobacco use among persons aged 15 years and older,3.b.2 - Total net official development assistance to medical research and basic health sector,,,,,,,
13274,Grant,"3.3.1 - Number of new HIV infections per 1,000 uninfected population, by sex, age and key populations",,,,,,,,,,,
13275,Grant,3.b.2 - Total net official development assistance to medical research and basic health sector,,,,,,,,,,,
13292,Grant,"3.3.1 - Number of new HIV infections per 1,000 uninfected population, by sex, age and key populations",,,,,,,,,,,
13294,Grant,"3.3.1 - Number of new HIV infections per 1,000 uninfected population, by sex, age and key populations",,,,,,,,,,,
13295,Grant,"3.3.1 - Number of new HIV infections per 1,000 uninfected population, by sex, age and key populations","3.3.2 - Tuberculosis incidence per 100,000 population",,,,,,,,,,
13296,Grant,"3.3.1 - Number of new HIV infections per 1,000 uninfected population, by sex, age and key populations",,,,,,,,,,,
13297,Grant,"3.3.1 - Number of new HIV infections per 1,000 uninfected population, by sex, age and key populations",,,,,,,,,,,
13319,Grant,"3.3.1 - Number of new HIV infections per 1,000 uninfected population, by sex, age and key populations","3.3.2 - Tuberculosis incidence per 100,000 population","3.3.3 - Malaria incidence per 1,000 population",,,,,,,,,
13357,Grant,3.2.1 - Under-5 mortality rate,,,,,,,,,,,
13386,Grant,3.d.1 - International Health Regulations (IHR) capacity and health emergency preparedness,,,,,,,,,,,
13459,Grant,"3.3.1 - Number of new HIV infections per 1,000 uninfected population, by sex, age and key populations",,,,,,,,,,,
13460,Grant,3.b.2 - Total net official development assistance to medical research and basic health sector,,,,,,,,,,,
13464,Grant,3.2.1 - Under-5 mortality rate,,,,,,,,,,,
13475,Grant,3.b.2 - Total net official development assistance to medical research and basic health sector,,,,,,,,,,,
13503,Grant,"3.3.1 - Number of new HIV infections per 1,000 uninfected population, by sex, age and key populations","3.9.2 - Mortality rate attributed to unsafe water, unsafe sanitation and lack of hygiene (exposure to unsafe Water, Sanitation and Hygiene for All (WASH) services)",,,,,,,,,,
13582,Grant,"3.3.3 - Malaria incidence per 1,000 population",,,,,,,,,,,
13583,Grant,3.b.2 - Total net official development assistance to medical research and basic health sector,,,,,,,,,,,
13590,Grant,"3.5.1 - Coverage of treatment interventions (pharmacological, psychosocial and rehabilitation and aftercare services) for substance use disorders","3.5.2 - Harmful use of alcohol, defined according to the national context as alcohol per capita consumption (aged 15 years and older) within a calendar year in litres of pure alcohol",,,,,,,,,,
13655,Grant,"3.4.1 - Mortality rate attributed to cardiovascular disease, cancer, diabetes or chronic respiratory disease",,,,,,,,,,,
13682,Grant,3.c.1 - Health worker density and distribution,,,,,,,,,,,
13702,Grant,3.b.2 - Total net official development assistance to medical research and basic health sector,,,,,,,,,,,
13705,Grant,"3.3.3 - Malaria incidence per 1,000 population",,,,,,,,,,,
13719,Grant,3.b.2 - Total net official development assistance to medical research and basic health sector,,,,,,,,,,,
13745,Grant,3.b.2 - Total net official development assistance to medical research and basic health sector,,,,,,,,,,,
13747,Grant,3.b.2 - Total net official development assistance to medical research and basic health sector,,,,,,,,,,,
13748,Grant,3.b.2 - Total net official development assistance to medical research and basic health sector,,,,,,,,,,,
13763,Grant,3.2.1 - Under-5 mortality rate,3.2.2 - Neonatal mortality rate,,,,,,,,,,
13764,Grant,3.b.2 - Total net official development assistance to medical research and basic health sector,,,,,,,,,,,
13765,Grant,3.4.2 - Suicide mortality rate,3.b.2 - Total net official development assistance to medical research and basic health sector,,,,,,,,,,
13779,Grant,3.3.5 - Number of people requiring interventions against neglected tropical diseases,3.b.1 - Proportion of the target population covered by all vaccines included in their national programme,,,,,,,,,,
13781,Grant,3.b.2 - Total net official development assistance to medical research and basic health sector,,,,,,,,,,,
13798,Grant,"3.4.1 - Mortality rate attributed to cardiovascular disease, cancer, diabetes or chronic respiratory disease",3.b.2 - Total net official development assistance to medical research and basic health sector,,,,,,,,,,
13825,Grant,3.2.1 - Under-5 mortality rate,,,,,,,,,,,
13837,Grant,3.7.1 - Proportion of women of reproductive age (aged 15_49 years) who have their need for family planning satisfied with modern methods,"3.7.2 - Adolescent birth rate (aged 10_14 years; aged 15_19 years) per 1,000 women in that age group",,,,,,,,,,
13881,Grant,"3.4.1 - Mortality rate attributed to cardiovascular disease, cancer, diabetes or chronic respiratory disease",,,,,,,,,,,
13932,Grant,3.b.2 - Total net official development assistance to medical research and basic health sector,,,,,,,,,,,
13981,Grant,"3.4.1 - Mortality rate attributed to cardiovascular disease, cancer, diabetes or chronic respiratory disease",3.a.1 - Age-standardized prevalence of current tobacco use among persons aged 15 years and older,,,,,,,,,,
13982,Grant,"3.3.1 - Number of new HIV infections per 1,000 uninfected population, by sex, age and key populations","3.3.2 - Tuberculosis incidence per 100,000 population",,,,,,,,,,
13984,Grant,"3.3.1 - Number of new HIV infections per 1,000 uninfected population, by sex, age and key populations",,,,,,,,,,,
14033,Grant,3.2.1 - Under-5 mortality rate,"3.3.1 - Number of new HIV infections per 1,000 uninfected population, by sex, age and key populations",,,,,,,,,,
14055,Grant,3.4.2 - Suicide mortality rate,,,,,,,,,,,
14138,Grant,"3.3.1 - Number of new HIV infections per 1,000 uninfected population, by sex, age and key populations",,,,,,,,,,,
14143,Grant,"3.3.1 - Number of new HIV infections per 1,000 uninfected population, by sex, age and key populations",,,,,,,,,,,
14163,Grant,3.b.2 - Total net official development assistance to medical research and basic health sector,,,,,,,,,,,
14184,Grant,3.4.2 - Suicide mortality rate,3.b.2 - Total net official development assistance to medical research and basic health sector,,,,,,,,,,
14190,Grant,3.b.2 - Total net official development assistance to medical research and basic health sector,,,,,,,,,,,
14221,Grant,"3.3.1 - Number of new HIV infections per 1,000 uninfected population, by sex, age and key populations","3.3.2 - Tuberculosis incidence per 100,000 population","3.3.3 - Malaria incidence per 1,000 population",3.3.5 - Number of people requiring interventions against neglected tropical diseases,,,,,,,,
14231,Grant,"3.8.1 - Coverage of essential health services (defined as the average coverage of essential services based on tracer interventions that include reproductive, maternal, newborn and child health, infectious diseases, non-communicable diseases and service capacity and access, among the general and the most disadvantaged population)",,,,,,,,,,,
14272,Grant,"3.4.1 - Mortality rate attributed to cardiovascular disease, cancer, diabetes or chronic respiratory disease",,,,,,,,,,,
14306,Grant,"3.4.1 - Mortality rate attributed to cardiovascular disease, cancer, diabetes or chronic respiratory disease",3.b.2 - Total net official development assistance to medical research and basic health sector,,,,,,,,,,
14307,Grant,3.b.2 - Total net official development assistance to medical research and basic health sector,,,,,,,,,,,
14339,Grant,3.c.1 - Health worker density and distribution,,,,,,,,,,,
14341,Grant,3.3.5 - Number of people requiring interventions against neglected tropical diseases,3.b.1 - Proportion of the target population covered by all vaccines included in their national programme,3.b.2 - Total net official development assistance to medical research and basic health sector,,,,,,,,,
14343,Grant,3.c.1 - Health worker density and distribution,,,,,,,,,,,
14345,Grant,3.b.2 - Total net official development assistance to medical research and basic health sector,,,,,,,,,,,
14369,Grant,3.b.2 - Total net official development assistance to medical research and basic health sector,3.c.1 - Health worker density and distribution,,,,,,,,,,
14371,Grant,3.b.2 - Total net official development assistance to medical research and basic health sector,,,,,,,,,,,
14395,Grant,"3.3.1 - Number of new HIV infections per 1,000 uninfected population, by sex, age and key populations",,,,,,,,,,,
14406,Grant,3.1.1 - Maternal mortality ratio,3.2.1 - Under-5 mortality rate,3.2.2 - Neonatal mortality rate,,,,,,,,,
14421,Grant,3.b.2 - Total net official development assistance to medical research and basic health sector,,,,,,,,,,,
14426,Grant,"3.3.1 - Number of new HIV infections per 1,000 uninfected population, by sex, age and key populations",3.b.2 - Total net official development assistance to medical research and basic health sector,,,,,,,,,,
14429,Grant,3.b.2 - Total net official development assistance to medical research and basic health sector,,,,,,,,,,,
14430,Grant,"3.8.1 - Coverage of essential health services (defined as the average coverage of essential services based on tracer interventions that include reproductive, maternal, newborn and child health, infectious diseases, non-communicable diseases and service capacity and access, among the general and the most disadvantaged population)",,,,,,,,,,,
14434,Grant,3.b.2 - Total net official development assistance to medical research and basic health sector,,,,,,,,,,,
14436,Grant,3.b.2 - Total net official development assistance to medical research and basic health sector,,,,,,,,,,,
14437,Grant,3.b.2 - Total net official development assistance to medical research and basic health sector,,,,,,,,,,,
14438,Grant,3.b.2 - Total net official development assistance to medical research and basic health sector,,,,,,,,,,,
14447,Grant,3.b.2 - Total net official development assistance to medical research and basic health sector,,,,,,,,,,,
14524,Grant,3.b.2 - Total net official development assistance to medical research and basic health sector,,,,,,,,,,,
14526,Grant,"3.3.1 - Number of new HIV infections per 1,000 uninfected population, by sex, age and key populations",3.b.2 - Total net official development assistance to medical research and basic health sector,,,,,,,,,,
14547,Grant,3.b.1 - Proportion of the target population covered by all vaccines included in their national programme,,,,,,,,,,,
14552,Grant,"3.5.1 - Coverage of treatment interventions (pharmacological, psychosocial and rehabilitation and aftercare services) for substance use disorders","3.5.2 - Harmful use of alcohol, defined according to the national context as alcohol per capita consumption (aged 15 years and older) within a calendar year in litres of pure alcohol",,,,,,,,,,
14568,Grant,3.b.2 - Total net official development assistance to medical research and basic health sector,,,,,,,,,,,
14569,Grant,"3.4.1 - Mortality rate attributed to cardiovascular disease, cancer, diabetes or chronic respiratory disease",3.b.2 - Total net official development assistance to medical research and basic health sector,,,,,,,,,,
14583,Grant,"3.8.1 - Coverage of essential health services (defined as the average coverage of essential services based on tracer interventions that include reproductive, maternal, newborn and child health, infectious diseases, non-communicable diseases and service capacity and access, among the general and the most disadvantaged population)",,,,,,,,,,,
14584,Grant,3.b.2 - Total net official development assistance to medical research and basic health sector,,,,,,,,,,,
14589,Grant,3.b.2 - Total net official development assistance to medical research and basic health sector,,,,,,,,,,,
14601,Grant,"3.8.1 - Coverage of essential health services (defined as the average coverage of essential services based on tracer interventions that include reproductive, maternal, newborn and child health, infectious diseases, non-communicable diseases and service capacity and access, among the general and the most disadvantaged population)",,,,,,,,,,,
725,Open Opp,3.d.1 - International Health Regulations (IHR) capacity and health emergency preparedness,,,,,,,,,,,
738,Open Opp,3.2.2 - Neonatal mortality rate,"3.3.3 - Malaria incidence per 1,000 population",3.3.5 - Number of people requiring interventions against neglected tropical diseases,,,,,,,,,
744,Open Opp,3.3.5 - Number of people requiring interventions against neglected tropical diseases,3.c.1 - Health worker density and distribution,,,,,,,,,,
753,Open Opp,3.c.1 - Health worker density and distribution,,,,,,,,,,,
754,Open Opp,"3.4.1 - Mortality rate attributed to cardiovascular disease, cancer, diabetes or chronic respiratory disease",3.b.2 - Total net official development assistance to medical research and basic health sector,,,,,,,,,,
758,Open Opp,"3.4.1 - Mortality rate attributed to cardiovascular disease, cancer, diabetes or chronic respiratory disease",3.b.2 - Total net official development assistance to medical research and basic health sector,,,,,,,,,,
767,Open Opp,3.b.2 - Total net official development assistance to medical research and basic health sector,,,,,,,,,,,
769,Open Opp,3.b.2 - Total net official development assistance to medical research and basic health sector,,,,,,,,,,,
777,Open Opp,"3.4.1 - Mortality rate attributed to cardiovascular disease, cancer, diabetes or chronic respiratory disease",3.b.2 - Total net official development assistance to medical research and basic health sector,,,,,,,,,,
785,Open Opp,3.b.2 - Total net official development assistance to medical research and basic health sector,,,,,,,,,,,
787,Open Opp,3.b.2 - Total net official development assistance to medical research and basic health sector,,,,,,,,,,,
797,Open Opp,"3.4.1 - Mortality rate attributed to cardiovascular disease, cancer, diabetes or chronic respiratory disease",3.b.2 - Total net official development assistance to medical research and basic health sector,,,,,,,,,,
805,Open Opp,3.b.2 - Total net official development assistance to medical research and basic health sector,,,,,,,,,,,
813,Open Opp,3.b.2 - Total net official development assistance to medical research and basic health sector,,,,,,,,,,,
832,Open Opp,3.b.2 - Total net official development assistance to medical research and basic health sector,,,,,,,,,,,
838,Open Opp,"3.4.1 - Mortality rate attributed to cardiovascular disease, cancer, diabetes or chronic respiratory disease",3.b.2 - Total net official development assistance to medical research and basic health sector,,,,,,,,,,
856,Open Opp,"3.4.1 - Mortality rate attributed to cardiovascular disease, cancer, diabetes or chronic respiratory disease",3.b.2 - Total net official development assistance to medical research and basic health sector,,,,,,,,,,
860,Open Opp,3.b.2 - Total net official development assistance to medical research and basic health sector,,,,,,,,,,,
870,Open Opp,3.b.2 - Total net official development assistance to medical research and basic health sector,,,,,,,,,,,
873,Open Opp,3.1.1 - Maternal mortality ratio,3.2.2 - Neonatal mortality rate,3.b.2 - Total net official development assistance to medical research and basic health sector,,,,,,,,,
891,Open Opp,"3.4.1 - Mortality rate attributed to cardiovascular disease, cancer, diabetes or chronic respiratory disease",3.b.2 - Total net official development assistance to medical research and basic health sector,,,,,,,,,,
898,Open Opp,3.b.2 - Total net official development assistance to medical research and basic health sector,,,,,,,,,,,
902,Open Opp,3.b.2 - Total net official development assistance to medical research and basic health sector,,,,,,,,,,,
906,Open Opp,3.b.2 - Total net official development assistance to medical research and basic health sector,,,,,,,,,,,
908,Open Opp,"3.4.1 - Mortality rate attributed to cardiovascular disease, cancer, diabetes or chronic respiratory disease",3.b.2 - Total net official development assistance to medical research and basic health sector,,,,,,,,,,
914,Open Opp,3.b.2 - Total net official development assistance to medical research and basic health sector,,,,,,,,,,,
916,Open Opp,3.b.2 - Total net official development assistance to medical research and basic health sector,,,,,,,,,,,
921,Open Opp,3.b.2 - Total net official development assistance to medical research and basic health sector,3.c.1 - Health worker density and distribution,,,,,,,,,,
922,Open Opp,3.b.2 - Total net official development assistance to medical research and basic health sector,,,,,,,,,,,
924,Open Opp,"3.4.1 - Mortality rate attributed to cardiovascular disease, cancer, diabetes or chronic respiratory disease",3.b.2 - Total net official development assistance to medical research and basic health sector,,,,,,,,,,
933,Open Opp,3.b.2 - Total net official development assistance to medical research and basic health sector,3.c.1 - Health worker density and distribution,,,,,,,,,,
936,Open Opp,3.b.2 - Total net official development assistance to medical research and basic health sector,,,,,,,,,,,
937,Open Opp,3.4.2 - Suicide mortality rate,3.b.2 - Total net official development assistance to medical research and basic health sector,,,,,,,,,,
940,Open Opp,"3.4.1 - Mortality rate attributed to cardiovascular disease, cancer, diabetes or chronic respiratory disease",3.b.2 - Total net official development assistance to medical research and basic health sector,,,,,,,,,,
941,Open Opp,3.b.2 - Total net official development assistance to medical research and basic health sector,,,,,,,,,,,
942,Open Opp,"3.4.1 - Mortality rate attributed to cardiovascular disease, cancer, diabetes or chronic respiratory disease",3.b.2 - Total net official development assistance to medical research and basic health sector,,,,,,,,,,
948,Open Opp,3.b.2 - Total net official development assistance to medical research and basic health sector,,,,,,,,,,,
953,Open Opp,"3.4.1 - Mortality rate attributed to cardiovascular disease, cancer, diabetes or chronic respiratory disease",3.b.2 - Total net official development assistance to medical research and basic health sector,,,,,,,,,,
955,Open Opp,"3.4.1 - Mortality rate attributed to cardiovascular disease, cancer, diabetes or chronic respiratory disease",3.b.2 - Total net official development assistance to medical research and basic health sector,,,,,,,,,,
961,Open Opp,3.b.2 - Total net official development assistance to medical research and basic health sector,3.c.1 - Health worker density and distribution,,,,,,,,,,
965,Open Opp,3.b.2 - Total net official development assistance to medical research and basic health sector,,,,,,,,,,,
972,Open Opp,3.b.2 - Total net official development assistance to medical research and basic health sector,,,,,,,,,,,
979,Open Opp,3.b.2 - Total net official development assistance to medical research and basic health sector,,,,,,,,,,,
982,Open Opp,3.b.2 - Total net official development assistance to medical research and basic health sector,,,,,,,,,,,
983,Open Opp,"3.3.1 - Number of new HIV infections per 1,000 uninfected population, by sex, age and key populations",3.b.2 - Total net official development assistance to medical research and basic health sector,,,,,,,,,,
988,Open Opp,"3.3.1 - Number of new HIV infections per 1,000 uninfected population, by sex, age and key populations",3.4.2 - Suicide mortality rate,,,,,,,,,,
992,Open Opp,"3.4.1 - Mortality rate attributed to cardiovascular disease, cancer, diabetes or chronic respiratory disease",3.b.2 - Total net official development assistance to medical research and basic health sector,,,,,,,,,,
993,Open Opp,3.b.2 - Total net official development assistance to medical research and basic health sector,,,,,,,,,,,
994,Open Opp,3.1.1 - Maternal mortality ratio,3.2.2 - Neonatal mortality rate,3.b.2 - Total net official development assistance to medical research and basic health sector,,,,,,,,,
995,Open Opp,3.b.2 - Total net official development assistance to medical research and basic health sector,,,,,,,,,,,
1000,Open Opp,3.b.2 - Total net official development assistance to medical research and basic health sector,,,,,,,,,,,
1001,Open Opp,3.1.1 - Maternal mortality ratio,3.2.2 - Neonatal mortality rate,3.b.2 - Total net official development assistance to medical research and basic health sector,,,,,,,,,
1004,Open Opp,3.b.2 - Total net official development assistance to medical research and basic health sector,,,,,,,,,,,
1005,Open Opp,3.b.2 - Total net official development assistance to medical research and basic health sector,,,,,,,,,,,
1024,Open Opp,3.b.2 - Total net official development assistance to medical research and basic health sector,3.c.1 - Health worker density and distribution,,,,,,,,,,
1026,Open Opp,"3.4.1 - Mortality rate attributed to cardiovascular disease, cancer, diabetes or chronic respiratory disease",3.b.2 - Total net official development assistance to medical research and basic health sector,,,,,,,,,,
1043,Open Opp,"3.3.1 - Number of new HIV infections per 1,000 uninfected population, by sex, age and key populations",3.b.2 - Total net official development assistance to medical research and basic health sector,,,,,,,,,,
1045,Open Opp,3.b.2 - Total net official development assistance to medical research and basic health sector,,,,,,,,,,,
1048,Open Opp,"3.4.1 - Mortality rate attributed to cardiovascular disease, cancer, diabetes or chronic respiratory disease",3.b.2 - Total net official development assistance to medical research and basic health sector,,,,,,,,,,
1051,Open Opp,3.b.2 - Total net official development assistance to medical research and basic health sector,,,,,,,,,,,
1053,Open Opp,3.b.2 - Total net official development assistance to medical research and basic health sector,,,,,,,,,,,
1056,Open Opp,3.b.2 - Total net official development assistance to medical research and basic health sector,,,,,,,,,,,
1060,Open Opp,3.4.2 - Suicide mortality rate,"3.5.1 - Coverage of treatment interventions (pharmacological, psychosocial and rehabilitation and aftercare services) for substance use disorders",,,,,,,,,,
1067,Open Opp,"3.3.1 - Number of new HIV infections per 1,000 uninfected population, by sex, age and key populations",3.b.2 - Total net official development assistance to medical research and basic health sector,,,,,,,,,,
1068,Open Opp,"3.5.1 - Coverage of treatment interventions (pharmacological, psychosocial and rehabilitation and aftercare services) for substance use disorders",3.b.2 - Total net official development assistance to medical research and basic health sector,,,,,,,,,,
1072,Open Opp,3.2.2 - Neonatal mortality rate,3.b.2 - Total net official development assistance to medical research and basic health sector,,,,,,,,,,
1081,Open Opp,3.b.2 - Total net official development assistance to medical research and basic health sector,,,,,,,,,,,
1083,Open Opp,"3.4.1 - Mortality rate attributed to cardiovascular disease, cancer, diabetes or chronic respiratory disease",3.b.2 - Total net official development assistance to medical research and basic health sector,,,,,,,,,,
1087,Open Opp,"3.4.1 - Mortality rate attributed to cardiovascular disease, cancer, diabetes or chronic respiratory disease",3.b.2 - Total net official development assistance to medical research and basic health sector,,,,,,,,,,
1098,Open Opp,"3.5.2 - Harmful use of alcohol, defined according to the national context as alcohol per capita consumption (aged 15 years and older) within a calendar year in litres of pure alcohol",3.b.2 - Total net official development assistance to medical research and basic health sector,,,,,,,,,,
1106,Open Opp,"3.3.1 - Number of new HIV infections per 1,000 uninfected population, by sex, age and key populations",3.b.2 - Total net official development assistance to medical research and basic health sector,,,,,,,,,,
1107,Open Opp,"3.3.1 - Number of new HIV infections per 1,000 uninfected population, by sex, age and key populations",3.b.2 - Total net official development assistance to medical research and basic health sector,,,,,,,,,,
1136,Open Opp,"3.4.1 - Mortality rate attributed to cardiovascular disease, cancer, diabetes or chronic respiratory disease",3.b.2 - Total net official development assistance to medical research and basic health sector,,,,,,,,,,
1144,Open Opp,"3.4.1 - Mortality rate attributed to cardiovascular disease, cancer, diabetes or chronic respiratory disease",3.b.2 - Total net official development assistance to medical research and basic health sector,,,,,,,,,,
1155,Open Opp,3.b.2 - Total net official development assistance to medical research and basic health sector,,,,,,,,,,,
1172,Open Opp,"3.3.1 - Number of new HIV infections per 1,000 uninfected population, by sex, age and key populations",3.b.2 - Total net official development assistance to medical research and basic health sector,,,,,,,,,,
1185,Open Opp,"3.8.1 - Coverage of essential health services (defined as the average coverage of essential services based on tracer interventions that include reproductive, maternal, newborn and child health, infectious diseases, non-communicable diseases and service capacity and access, among the general and the most disadvantaged population)",,,,,,,,,,,
1188,Open Opp,"3.3.1 - Number of new HIV infections per 1,000 uninfected population, by sex, age and key populations","3.3.2 - Tuberculosis incidence per 100,000 population","3.3.3 - Malaria incidence per 1,000 population",,,,,,,,,
1190,Open Opp,3.4.2 - Suicide mortality rate,"3.5.1 - Coverage of treatment interventions (pharmacological, psychosocial and rehabilitation and aftercare services) for substance use disorders","3.5.2 - Harmful use of alcohol, defined according to the national context as alcohol per capita consumption (aged 15 years and older) within a calendar year in litres of pure alcohol",3.a.1 - Age-standardized prevalence of current tobacco use among persons aged 15 years and older,3.b.2 - Total net official development assistance to medical research and basic health sector,,,,,,,
1195,Open Opp,"3.4.1 - Mortality rate attributed to cardiovascular disease, cancer, diabetes or chronic respiratory disease",3.b.2 - Total net official development assistance to medical research and basic health sector,,,,,,,,,,
252772,Tender,3.b.2 - Total net official development assistance to medical research and basic health sector,,,,,,,,,,,
255112,Tender,3.b.2 - Total net official development assistance to medical research and basic health sector,,,,,,,,,,,
255449,Tender,3.b.2 - Total net official development assistance to medical research and basic health sector,,,,,,,,,,,
255866,Tender,3.d.1 - International Health Regulations (IHR) capacity and health emergency preparedness,,,,,,,,,,,
256074,Tender,3.b.3 - Proportion of health facilities that have a core set of relevant essential medicines available and affordable on a sustainable basis,,,,,,,,,,,
256252,Tender,"3.9.2 - Mortality rate attributed to unsafe water, unsafe sanitation and lack of hygiene (exposure to unsafe Water, Sanitation and Hygiene for All (WASH) services)",,,,,,,,,,,
256262,Tender,"3.4.1 - Mortality rate attributed to cardiovascular disease, cancer, diabetes or chronic respiratory disease",3.b.2 - Total net official development assistance to medical research and basic health sector,,,,,,,,,,
256264,Tender,"3.4.1 - Mortality rate attributed to cardiovascular disease, cancer, diabetes or chronic respiratory disease",3.b.2 - Total net official development assistance to medical research and basic health sector,,,,,,,,,,
256265,Tender,"3.4.1 - Mortality rate attributed to cardiovascular disease, cancer, diabetes or chronic respiratory disease",3.b.2 - Total net official development assistance to medical research and basic health sector,,,,,,,,,,
256348,Tender,3.b.2 - Total net official development assistance to medical research and basic health sector,,,,,,,,,,,
256692,Tender,3.b.2 - Total net official development assistance to medical research and basic health sector,,,,,,,,,,,
256932,Tender,"3.3.1 - Number of new HIV infections per 1,000 uninfected population, by sex, age and key populations","3.3.3 - Malaria incidence per 1,000 population",3.7.1 - Proportion of women of reproductive age (aged 15_49 years) who have their need for family planning satisfied with modern methods,"3.7.2 - Adolescent birth rate (aged 10_14 years; aged 15_19 years) per 1,000 women in that age group","3.8.1 - Coverage of essential health services (defined as the average coverage of essential services based on tracer interventions that include reproductive, maternal, newborn and child health, infectious diseases, non-communicable diseases and service capacity and access, among the general and the most disadvantaged population)",3.b.2 - Total net official development assistance to medical research and basic health sector,3.b.3 - Proportion of health facilities that have a core set of relevant essential medicines available and affordable on a sustainable basis,,,,,
257032,Tender,"3.3.3 - Malaria incidence per 1,000 population",,,,,,,,,,,
257326,Tender,3.b.2 - Total net official development assistance to medical research and basic health sector,3.b.3 - Proportion of health facilities that have a core set of relevant essential medicines available and affordable on a sustainable basis,,,,,,,,,,
257331,Tender,"3.9.2 - Mortality rate attributed to unsafe water, unsafe sanitation and lack of hygiene (exposure to unsafe Water, Sanitation and Hygiene for All (WASH) services)",,,,,,,,,,,
257416,Tender,3.b.2 - Total net official development assistance to medical research and basic health sector,,,,,,,,,,,
257430,Tender,3.c.1 - Health worker density and distribution,,,,,,,,,,,
257541,Tender,3.d.1 - International Health Regulations (IHR) capacity and health emergency preparedness,,,,,,,,,,,
257559,Tender,3.c.1 - Health worker density and distribution,,,,,,,,,,,
257563,Tender,3.b.2 - Total net official development assistance to medical research and basic health sector,,,,,,,,,,,
257602,Tender,3.b.2 - Total net official development assistance to medical research and basic health sector,3.b.3 - Proportion of health facilities that have a core set of relevant essential medicines available and affordable on a sustainable basis,,,,,,,,,,
257812,Tender,"3.8.1 - Coverage of essential health services (defined as the average coverage of essential services based on tracer interventions that include reproductive, maternal, newborn and child health, infectious diseases, non-communicable diseases and service capacity and access, among the general and the most disadvantaged population)",,,,,,,,,,,
257879,Tender,3.7.1 - Proportion of women of reproductive age (aged 15_49 years) who have their need for family planning satisfied with modern methods,"3.7.2 - Adolescent birth rate (aged 10_14 years; aged 15_19 years) per 1,000 women in that age group",,,,,,,,,,
257907,Tender,3.b.2 - Total net official development assistance to medical research and basic health sector,,,,,,,,,,,
258071,Tender,3.b.2 - Total net official development assistance to medical research and basic health sector,3.b.3 - Proportion of health facilities that have a core set of relevant essential medicines available and affordable on a sustainable basis,,,,,,,,,,
258273,Tender,"3.9.2 - Mortality rate attributed to unsafe water, unsafe sanitation and lack of hygiene (exposure to unsafe Water, Sanitation and Hygiene for All (WASH) services)",3.c.1 - Health worker density and distribution,,,,,,,,,,
258275,Tender,"3.9.2 - Mortality rate attributed to unsafe water, unsafe sanitation and lack of hygiene (exposure to unsafe Water, Sanitation and Hygiene for All (WASH) services)",3.c.1 - Health worker density and distribution,,,,,,,,,,
258284,Tender,"3.9.2 - Mortality rate attributed to unsafe water, unsafe sanitation and lack of hygiene (exposure to unsafe Water, Sanitation and Hygiene for All (WASH) services)",3.c.1 - Health worker density and distribution,,,,,,,,,,
258294,Tender,3.b.3 - Proportion of health facilities that have a core set of relevant essential medicines available and affordable on a sustainable basis,,,,,,,,,,,
258773,Tender,3.2.1 - Under-5 mortality rate,,,,,,,,,,,
258971,Tender,3.b.2 - Total net official development assistance to medical research and basic health sector,3.b.3 - Proportion of health facilities that have a core set of relevant essential medicines available and affordable on a sustainable basis,,,,,,,,,,
259026,Tender,"3.8.1 - Coverage of essential health services (defined as the average coverage of essential services based on tracer interventions that include reproductive, maternal, newborn and child health, infectious diseases, non-communicable diseases and service capacity and access, among the general and the most disadvantaged population)",,,,,,,,,,,
259102,Tender,3.b.1 - Proportion of the target population covered by all vaccines included in their national programme,,,,,,,,,,,
259114,Tender,3.b.2 - Total net official development assistance to medical research and basic health sector,,,,,,,,,,,
259132,Tender,3.b.2 - Total net official development assistance to medical research and basic health sector,,,,,,,,,,,
259199,Tender,3.b.2 - Total net official development assistance to medical research and basic health sector,3.b.3 - Proportion of health facilities that have a core set of relevant essential medicines available and affordable on a sustainable basis,,,,,,,,,,
259375,Tender,"3.4.1 - Mortality rate attributed to cardiovascular disease, cancer, diabetes or chronic respiratory disease",3.b.2 - Total net official development assistance to medical research and basic health sector,,,,,,,,,,
259445,Tender,3.b.2 - Total net official development assistance to medical research and basic health sector,3.b.3 - Proportion of health facilities that have a core set of relevant essential medicines available and affordable on a sustainable basis,,,,,,,,,,
259473,Tender,"3.3.1 - Number of new HIV infections per 1,000 uninfected population, by sex, age and key populations",,,,,,,,,,,
259604,Tender,"3.3.1 - Number of new HIV infections per 1,000 uninfected population, by sex, age and key populations","3.3.3 - Malaria incidence per 1,000 population","3.8.1 - Coverage of essential health services (defined as the average coverage of essential services based on tracer interventions that include reproductive, maternal, newborn and child health, infectious diseases, non-communicable diseases and service capacity and access, among the general and the most disadvantaged population)",3.b.3 - Proportion of health facilities that have a core set of relevant essential medicines available and affordable on a sustainable basis,,,,,,,,
259628,Tender,3.b.2 - Total net official development assistance to medical research and basic health sector,3.b.3 - Proportion of health facilities that have a core set of relevant essential medicines available and affordable on a sustainable basis,,,,,,,,,,
259631,Tender,"3.8.1 - Coverage of essential health services (defined as the average coverage of essential services based on tracer interventions that include reproductive, maternal, newborn and child health, infectious diseases, non-communicable diseases and service capacity and access, among the general and the most disadvantaged population)",,,,,,,,,,,
259863,Tender,3.b.2 - Total net official development assistance to medical research and basic health sector,,,,,,,,,,,
260282,Tender,3.b.3 - Proportion of health facilities that have a core set of relevant essential medicines available and affordable on a sustainable basis,,,,,,,,,,,
260300,Tender,3.b.2 - Total net official development assistance to medical research and basic health sector,,,,,,,,,,,
260352,Tender,"3.4.1 - Mortality rate attributed to cardiovascular disease, cancer, diabetes or chronic respiratory disease","3.8.1 - Coverage of essential health services (defined as the average coverage of essential services based on tracer interventions that include reproductive, maternal, newborn and child health, infectious diseases, non-communicable diseases and service capacity and access, among the general and the most disadvantaged population)",3.b.3 - Proportion of health facilities that have a core set of relevant essential medicines available and affordable on a sustainable basis,,,,,,,,,
260412,Tender,3.1.1 - Maternal mortality ratio,,,,,,,,,,,
260484,Tender,3.b.3 - Proportion of health facilities that have a core set of relevant essential medicines available and affordable on a sustainable basis,,,,,,,,,,,
260643,Tender,3.b.3 - Proportion of health facilities that have a core set of relevant essential medicines available and affordable on a sustainable basis,,,,,,,,,,,
260670,Tender,3.1.2 - Proportion of births attended by skilled health personnel,3.c.1 - Health worker density and distribution,,,,,,,,,,
260787,Tender,3.b.2 - Total net official development assistance to medical research and basic health sector,,,,,,,,,,,
261196,Tender,3.b.2 - Total net official development assistance to medical research and basic health sector,,,,,,,,,,,
261335,Tender,"3.8.1 - Coverage of essential health services (defined as the average coverage of essential services based on tracer interventions that include reproductive, maternal, newborn and child health, infectious diseases, non-communicable diseases and service capacity and access, among the general and the most disadvantaged population)",,,,,,,,,,,
261354,Tender,3.b.3 - Proportion of health facilities that have a core set of relevant essential medicines available and affordable on a sustainable basis,,,,,,,,,,,
261587,Tender,"3.9.2 - Mortality rate attributed to unsafe water, unsafe sanitation and lack of hygiene (exposure to unsafe Water, Sanitation and Hygiene for All (WASH) services)",,,,,,,,,,,
261594,Tender,"3.9.2 - Mortality rate attributed to unsafe water, unsafe sanitation and lack of hygiene (exposure to unsafe Water, Sanitation and Hygiene for All (WASH) services)",,,,,,,,,,,
262105,Tender,"3.8.1 - Coverage of essential health services (defined as the average coverage of essential services based on tracer interventions that include reproductive, maternal, newborn and child health, infectious diseases, non-communicable diseases and service capacity and access, among the general and the most disadvantaged population)",,,,,,,,,,,
262287,Tender,"3.3.1 - Number of new HIV infections per 1,000 uninfected population, by sex, age and key populations",,,,,,,,,,,
262600,Tender,"3.4.1 - Mortality rate attributed to cardiovascular disease, cancer, diabetes or chronic respiratory disease",,,,,,,,,,,
262790,Tender,3.c.1 - Health worker density and distribution,,,,,,,,,,,
262887,Tender,"3.4.1 - Mortality rate attributed to cardiovascular disease, cancer, diabetes or chronic respiratory disease",3.b.2 - Total net official development assistance to medical research and basic health sector,,,,,,,,,,
263258,Tender,"3.4.1 - Mortality rate attributed to cardiovascular disease, cancer, diabetes or chronic respiratory disease",,,,,,,,,,,
263313,Tender,"3.8.1 - Coverage of essential health services (defined as the average coverage of essential services based on tracer interventions that include reproductive, maternal, newborn and child health, infectious diseases, non-communicable diseases and service capacity and access, among the general and the most disadvantaged population)",,,,,,,,,,,
263527,Tender,3.b.2 - Total net official development assistance to medical research and basic health sector,,,,,,,,,,,
263623,Tender,"3.3.3 - Malaria incidence per 1,000 population",3.b.3 - Proportion of health facilities that have a core set of relevant essential medicines available and affordable on a sustainable basis,,,,,,,,,,
263642,Tender,3.b.2 - Total net official development assistance to medical research and basic health sector,,,,,,,,,,,
263771,Tender,"3.3.3 - Malaria incidence per 1,000 population",,,,,,,,,,,
263779,Tender,"3.4.1 - Mortality rate attributed to cardiovascular disease, cancer, diabetes or chronic respiratory disease",3.9.1 - Mortality rate attributed to household and ambient air pollution,,,,,,,,,,
264035,Tender,"3.9.2 - Mortality rate attributed to unsafe water, unsafe sanitation and lack of hygiene (exposure to unsafe Water, Sanitation and Hygiene for All (WASH) services)",,,,,,,,,,,
264041,Tender,"3.9.2 - Mortality rate attributed to unsafe water, unsafe sanitation and lack of hygiene (exposure to unsafe Water, Sanitation and Hygiene for All (WASH) services)",,,,,,,,,,,
264052,Tender,3.b.3 - Proportion of health facilities that have a core set of relevant essential medicines available and affordable on a sustainable basis,,,,,,,,,,,
264139,Tender,3.b.3 - Proportion of health facilities that have a core set of relevant essential medicines available and affordable on a sustainable basis,,,,,,,,,,,
264275,Tender,3.1.1 - Maternal mortality ratio,3.b.2 - Total net official development assistance to medical research and basic health sector,3.b.3 - Proportion of health facilities that have a core set of relevant essential medicines available and affordable on a sustainable basis,,,,,,,,,
264309,Tender,3.1.1 - Maternal mortality ratio,3.b.2 - Total net official development assistance to medical research and basic health sector,3.b.3 - Proportion of health facilities that have a core set of relevant essential medicines available and affordable on a sustainable basis,,,,,,,,,
264310,Tender,3.1.1 - Maternal mortality ratio,3.b.2 - Total net official development assistance to medical research and basic health sector,3.b.3 - Proportion of health facilities that have a core set of relevant essential medicines available and affordable on a sustainable basis,,,,,,,,,
264812,Tender,3.b.2 - Total net official development assistance to medical research and basic health sector,,,,,,,,,,,
265103,Tender,"3.8.1 - Coverage of essential health services (defined as the average coverage of essential services based on tracer interventions that include reproductive, maternal, newborn and child health, infectious diseases, non-communicable diseases and service capacity and access, among the general and the most disadvantaged population)",3.8.2 - Proportion of population with large household expenditures on health as a share of total household expenditure or income,3.b.2 - Total net official development assistance to medical research and basic health sector,,,,,,,,,
265396,Tender,3.7.1 - Proportion of women of reproductive age (aged 15_49 years) who have their need for family planning satisfied with modern methods,"3.7.2 - Adolescent birth rate (aged 10_14 years; aged 15_19 years) per 1,000 women in that age group",,,,,,,,,,
265457,Tender,3.b.2 - Total net official development assistance to medical research and basic health sector,,,,,,,,,,,
265895,Tender,3.c.1 - Health worker density and distribution,,,,,,,,,,,
266018,Tender,3.b.1 - Proportion of the target population covered by all vaccines included in their national programme,,,,,,,,,,,
266307,Tender,3.c.1 - Health worker density and distribution,,,,,,,,,,,
266360,Tender,"3.4.1 - Mortality rate attributed to cardiovascular disease, cancer, diabetes or chronic respiratory disease",3.b.3 - Proportion of health facilities that have a core set of relevant essential medicines available and affordable on a sustainable basis,,,,,,,,,,
266632,Tender,3.b.2 - Total net official development assistance to medical research and basic health sector,,,,,,,,,,,
266634,Tender,3.c.1 - Health worker density and distribution,,,,,,,,,,,
266752,Tender,"3.9.2 - Mortality rate attributed to unsafe water, unsafe sanitation and lack of hygiene (exposure to unsafe Water, Sanitation and Hygiene for All (WASH) services)",,,,,,,,,,,
266780,Tender,3.b.1 - Proportion of the target population covered by all vaccines included in their national programme,3.b.3 - Proportion of health facilities that have a core set of relevant essential medicines available and affordable on a sustainable basis,,,,,,,,,,
266935,Tender,"3.9.2 - Mortality rate attributed to unsafe water, unsafe sanitation and lack of hygiene (exposure to unsafe Water, Sanitation and Hygiene for All (WASH) services)",3.b.2 - Total net official development assistance to medical research and basic health sector,,,,,,,,,,
267052,Tender,"3.8.1 - Coverage of essential health services (defined as the average coverage of essential services based on tracer interventions that include reproductive, maternal, newborn and child health, infectious diseases, non-communicable diseases and service capacity and access, among the general and the most disadvantaged population)",,,,,,,,,,,
267846,Tender,3.b.2 - Total net official development assistance to medical research and basic health sector,,,,,,,,,,,
268633,Tender,"3.4.1 - Mortality rate attributed to cardiovascular disease, cancer, diabetes or chronic respiratory disease","3.8.1 - Coverage of essential health services (defined as the average coverage of essential services based on tracer interventions that include reproductive, maternal, newborn and child health, infectious diseases, non-communicable diseases and service capacity and access, among the general and the most disadvantaged population)",,,,,,,,,,
269015,Tender,"3.9.2 - Mortality rate attributed to unsafe water, unsafe sanitation and lack of hygiene (exposure to unsafe Water, Sanitation and Hygiene for All (WASH) services)",,,,,,,,,,,
269404,Tender,3.b.2 - Total net official development assistance to medical research and basic health sector,,,,,,,,,,,
269592,Tender,3.b.2 - Total net official development assistance to medical research and basic health sector,3.b.3 - Proportion of health facilities that have a core set of relevant essential medicines available and affordable on a sustainable basis,,,,,,,,,,
270457,Tender,"3.4.1 - Mortality rate attributed to cardiovascular disease, cancer, diabetes or chronic respiratory disease",3.b.3 - Proportion of health facilities that have a core set of relevant essential medicines available and affordable on a sustainable basis,,,,,,,,,,
270668,Tender,"3.4.1 - Mortality rate attributed to cardiovascular disease, cancer, diabetes or chronic respiratory disease",,,,,,,,,,,
270959,Tender,"3.3.1 - Number of new HIV infections per 1,000 uninfected population, by sex, age and key populations",,,,,,,,,,,
271171,Tender,3.b.2 - Total net official development assistance to medical research and basic health sector,,,,,,,,,,,
271312,Tender,3.c.1 - Health worker density and distribution,,,,,,,,,,,
271558,Tender,"3.8.1 - Coverage of essential health services (defined as the average coverage of essential services based on tracer interventions that include reproductive, maternal, newborn and child health, infectious diseases, non-communicable diseases and service capacity and access, among the general and the most disadvantaged population)",,,,,,,,,,,
271772,Tender,3.b.2 - Total net official development assistance to medical research and basic health sector,,,,,,,,,,,
271795,Tender,"3.3.4 - Hepatitis B incidence per 100,000 population",,,,,,,,,,,
272286,Tender,3.b.2 - Total net official development assistance to medical research and basic health sector,,,,,,,,,,,
272457,Tender,"3.3.2 - Tuberculosis incidence per 100,000 population",,,,,,,,,,,
272559,Tender,3.b.2 - Total net official development assistance to medical research and basic health sector,,,,,,,,,,,
272706,Tender,"3.9.2 - Mortality rate attributed to unsafe water, unsafe sanitation and lack of hygiene (exposure to unsafe Water, Sanitation and Hygiene for All (WASH) services)",,,,,,,,,,,
272713,Tender,"3.9.2 - Mortality rate attributed to unsafe water, unsafe sanitation and lack of hygiene (exposure to unsafe Water, Sanitation and Hygiene for All (WASH) services)",,,,,,,,,,,
272743,Tender,"3.3.1 - Number of new HIV infections per 1,000 uninfected population, by sex, age and key populations",,,,,,,,,,,
272821,Tender,"3.3.3 - Malaria incidence per 1,000 population",,,,,,,,,,,
273326,Tender,"3.9.2 - Mortality rate attributed to unsafe water, unsafe sanitation and lack of hygiene (exposure to unsafe Water, Sanitation and Hygiene for All (WASH) services)",,,,,,,,,,,
273439,Tender,3.b.2 - Total net official development assistance to medical research and basic health sector,,,,,,,,,,,
273473,Tender,3.b.2 - Total net official development assistance to medical research and basic health sector,,,,,,,,,,,
273623,Tender,3.b.1 - Proportion of the target population covered by all vaccines included in their national programme,,,,,,,,,,,
274092,Tender,3.3.5 - Number of people requiring interventions against neglected tropical diseases,"3.4.1 - Mortality rate attributed to cardiovascular disease, cancer, diabetes or chronic respiratory disease",,,,,,,,,,
274176,Tender,3.b.2 - Total net official development assistance to medical research and basic health sector,,,,,,,,,,,
274424,Tender,3.b.3 - Proportion of health facilities that have a core set of relevant essential medicines available and affordable on a sustainable basis,,,,,,,,,,,
274435,Tender,3.1.1 - Maternal mortality ratio,3.2.1 - Under-5 mortality rate,3.2.2 - Neonatal mortality rate,,,,,,,,,
274526,Tender,3.b.2 - Total net official development assistance to medical research and basic health sector,,,,,,,,,,,
274773,Tender,3.b.3 - Proportion of health facilities that have a core set of relevant essential medicines available and affordable on a sustainable basis,,,,,,,,,,,
274780,Tender,3.b.3 - Proportion of health facilities that have a core set of relevant essential medicines available and affordable on a sustainable basis,,,,,,,,,,,
275090,Tender,3.b.1 - Proportion of the target population covered by all vaccines included in their national programme,,,,,,,,,,,
275217,Tender,"3.9.2 - Mortality rate attributed to unsafe water, unsafe sanitation and lack of hygiene (exposure to unsafe Water, Sanitation and Hygiene for All (WASH) services)",,,,,,,,,,,
275346,Tender,3.1.1 - Maternal mortality ratio,3.2.1 - Under-5 mortality rate,3.2.2 - Neonatal mortality rate,,,,,,,,,
275685,Tender,3.b.1 - Proportion of the target population covered by all vaccines included in their national programme,,,,,,,,,,,
275893,Tender,3.3.5 - Number of people requiring interventions against neglected tropical diseases,3.b.1 - Proportion of the target population covered by all vaccines included in their national programme,,,,,,,,,,
276007,Tender,3.b.3 - Proportion of health facilities that have a core set of relevant essential medicines available and affordable on a sustainable basis,,,,,,,,,,,
276040,Tender,3.b.2 - Total net official development assistance to medical research and basic health sector,,,,,,,,,,,
276054,Tender,"3.3.1 - Number of new HIV infections per 1,000 uninfected population, by sex, age and key populations","3.3.3 - Malaria incidence per 1,000 population",3.b.2 - Total net official development assistance to medical research and basic health sector,,,,,,,,,
276154,Tender,3.2.1 - Under-5 mortality rate,,,,,,,,,,,
276163,Tender,"3.5.1 - Coverage of treatment interventions (pharmacological, psychosocial and rehabilitation and aftercare services) for substance use disorders",3.9.3 - Mortality rate attributed to unintentional poisoning,,,,,,,,,,
276284,Tender,"3.3.3 - Malaria incidence per 1,000 population",,,,,,,,,,,
276468,Tender,3.b.2 - Total net official development assistance to medical research and basic health sector,,,,,,,,,,,
276495,Tender,"3.9.2 - Mortality rate attributed to unsafe water, unsafe sanitation and lack of hygiene (exposure to unsafe Water, Sanitation and Hygiene for All (WASH) services)",,,,,,,,,,,
276510,Tender,3.b.2 - Total net official development assistance to medical research and basic health sector,,,,,,,,,,,
276511,Tender,3.b.2 - Total net official development assistance to medical research and basic health sector,,,,,,,,,,,
276557,Tender,3.3.5 - Number of people requiring interventions against neglected tropical diseases,,,,,,,,,,,
276591,Tender,"3.8.1 - Coverage of essential health services (defined as the average coverage of essential services based on tracer interventions that include reproductive, maternal, newborn and child health, infectious diseases, non-communicable diseases and service capacity and access, among the general and the most disadvantaged population)",3.8.2 - Proportion of population with large household expenditures on health as a share of total household expenditure or income,"3.9.2 - Mortality rate attributed to unsafe water, unsafe sanitation and lack of hygiene (exposure to unsafe Water, Sanitation and Hygiene for All (WASH) services)",,,,,,,,,
276593,Tender,"3.8.1 - Coverage of essential health services (defined as the average coverage of essential services based on tracer interventions that include reproductive, maternal, newborn and child health, infectious diseases, non-communicable diseases and service capacity and access, among the general and the most disadvantaged population)",3.8.2 - Proportion of population with large household expenditures on health as a share of total household expenditure or income,,,,,,,,,,
276604,Tender,"3.8.1 - Coverage of essential health services (defined as the average coverage of essential services based on tracer interventions that include reproductive, maternal, newborn and child health, infectious diseases, non-communicable diseases and service capacity and access, among the general and the most disadvantaged population)",3.8.2 - Proportion of population with large household expenditures on health as a share of total household expenditure or income,,,,,,,,,,
276747,Tender,3.b.2 - Total net official development assistance to medical research and basic health sector,,,,,,,,,,,
276766,Tender,3.b.3 - Proportion of health facilities that have a core set of relevant essential medicines available and affordable on a sustainable basis,,,,,,,,,,,
276999,Tender,3.3.5 - Number of people requiring interventions against neglected tropical diseases,,,,,,,,,,,
277030,Tender,3.d.1 - International Health Regulations (IHR) capacity and health emergency preparedness,,,,,,,,,,,
277424,Tender,3.1.1 - Maternal mortality ratio,3.2.2 - Neonatal mortality rate,,,,,,,,,,
277759,Tender,3.b.3 - Proportion of health facilities that have a core set of relevant essential medicines available and affordable on a sustainable basis,,,,,,,,,,,
278023,Tender,3.b.2 - Total net official development assistance to medical research and basic health sector,,,,,,,,,,,
278055,Tender,3.1.1 - Maternal mortality ratio,3.2.2 - Neonatal mortality rate,,,,,,,,,,
278148,Tender,3.b.2 - Total net official development assistance to medical research and basic health sector,,,,,,,,,,,
278281,Tender,3.b.2 - Total net official development assistance to medical research and basic health sector,,,,,,,,,,,
278825,Tender,"3.9.2 - Mortality rate attributed to unsafe water, unsafe sanitation and lack of hygiene (exposure to unsafe Water, Sanitation and Hygiene for All (WASH) services)",,,,,,,,,,,
278863,Tender,3.b.2 - Total net official development assistance to medical research and basic health sector,,,,,,,,,,,
279181,Tender,3.b.2 - Total net official development assistance to medical research and basic health sector,,,,,,,,,,,
279189,Tender,3.6.1 - Death rate due to road traffic injuries,,,,,,,,,,,
279350,Tender,"3.3.1 - Number of new HIV infections per 1,000 uninfected population, by sex, age and key populations",,,,,,,,,,,
279361,Tender,"3.8.1 - Coverage of essential health services (defined as the average coverage of essential services based on tracer interventions that include reproductive, maternal, newborn and child health, infectious diseases, non-communicable diseases and service capacity and access, among the general and the most disadvantaged population)",,,,,,,,,,,
279363,Tender,3.b.2 - Total net official development assistance to medical research and basic health sector,,,,,,,,,,,
279383,Tender,3.b.2 - Total net official development assistance to medical research and basic health sector,,,,,,,,,,,
279420,Tender,"3.3.1 - Number of new HIV infections per 1,000 uninfected population, by sex, age and key populations",,,,,,,,,,,
279448,Tender,3.b.2 - Total net official development assistance to medical research and basic health sector,,,,,,,,,,,
279597,Tender,3.b.2 - Total net official development assistance to medical research and basic health sector,3.b.3 - Proportion of health facilities that have a core set of relevant essential medicines available and affordable on a sustainable basis,,,,,,,,,,
279697,Tender,"3.8.1 - Coverage of essential health services (defined as the average coverage of essential services based on tracer interventions that include reproductive, maternal, newborn and child health, infectious diseases, non-communicable diseases and service capacity and access, among the general and the most disadvantaged population)",,,,,,,,,,,
279961,Tender,3.b.1 - Proportion of the target population covered by all vaccines included in their national programme,,,,,,,,,,,
280080,Tender,3.b.2 - Total net official development assistance to medical research and basic health sector,,,,,,,,,,,
280165,Tender,3.1.1 - Maternal mortality ratio,,,,,,,,,,,
280258,Tender,3.b.2 - Total net official development assistance to medical research and basic health sector,,,,,,,,,,,
280274,Tender,3.a.1 - Age-standardized prevalence of current tobacco use among persons aged 15 years and older,,,,,,,,,,,
280398,Tender,"3.8.1 - Coverage of essential health services (defined as the average coverage of essential services based on tracer interventions that include reproductive, maternal, newborn and child health, infectious diseases, non-communicable diseases and service capacity and access, among the general and the most disadvantaged population)",,,,,,,,,,,
280712,Tender,3.b.2 - Total net official development assistance to medical research and basic health sector,,,,,,,,,,,
280916,Tender,3.b.2 - Total net official development assistance to medical research and basic health sector,3.b.3 - Proportion of health facilities that have a core set of relevant essential medicines available and affordable on a sustainable basis,,,,,,,,,,
280917,Tender,3.b.2 - Total net official development assistance to medical research and basic health sector,3.b.3 - Proportion of health facilities that have a core set of relevant essential medicines available and affordable on a sustainable basis,,,,,,,,,,
280918,Tender,3.b.2 - Total net official development assistance to medical research and basic health sector,3.b.3 - Proportion of health facilities that have a core set of relevant essential medicines available and affordable on a sustainable basis,,,,,,,,,,
280919,Tender,3.b.2 - Total net official development assistance to medical research and basic health sector,3.b.3 - Proportion of health facilities that have a core set of relevant essential medicines available and affordable on a sustainable basis,,,,,,,,,,
281233,Tender,3.c.1 - Health worker density and distribution,,,,,,,,,,,
281330,Tender,3.b.2 - Total net official development assistance to medical research and basic health sector,,,,,,,,,,,
281597,Tender,"3.3.1 - Number of new HIV infections per 1,000 uninfected population, by sex, age and key populations",3.b.3 - Proportion of health facilities that have a core set of relevant essential medicines available and affordable on a sustainable basis,,,,,,,,,,
281605,Tender,"3.8.1 - Coverage of essential health services (defined as the average coverage of essential services based on tracer interventions that include reproductive, maternal, newborn and child health, infectious diseases, non-communicable diseases and service capacity and access, among the general and the most disadvantaged population)",3.8.2 - Proportion of population with large household expenditures on health as a share of total household expenditure or income,3.b.3 - Proportion of health facilities that have a core set of relevant essential medicines available and affordable on a sustainable basis,,,,,,,,,
282005,Tender,3.b.3 - Proportion of health facilities that have a core set of relevant essential medicines available and affordable on a sustainable basis,,,,,,,,,,,
282051,Tender,"3.3.1 - Number of new HIV infections per 1,000 uninfected population, by sex, age and key populations",,,,,,,,,,,
282176,Tender,3.b.2 - Total net official development assistance to medical research and basic health sector,,,,,,,,,,,
282203,Tender,3.b.1 - Proportion of the target population covered by all vaccines included in their national programme,,,,,,,,,,,
282296,Tender,3.d.1 - International Health Regulations (IHR) capacity and health emergency preparedness,,,,,,,,,,,
282447,Tender,3.d.1 - International Health Regulations (IHR) capacity and health emergency preparedness,,,,,,,,,,,
282449,Tender,3.d.1 - International Health Regulations (IHR) capacity and health emergency preparedness,,,,,,,,,,,
282496,Tender,"3.9.2 - Mortality rate attributed to unsafe water, unsafe sanitation and lack of hygiene (exposure to unsafe Water, Sanitation and Hygiene for All (WASH) services)",,,,,,,,,,,
282551,Tender,3.d.1 - International Health Regulations (IHR) capacity and health emergency preparedness,,,,,,,,,,,
282890,Tender,"3.4.1 - Mortality rate attributed to cardiovascular disease, cancer, diabetes or chronic respiratory disease",,,,,,,,,,,
282919,Tender,"3.9.2 - Mortality rate attributed to unsafe water, unsafe sanitation and lack of hygiene (exposure to unsafe Water, Sanitation and Hygiene for All (WASH) services)",,,,,,,,,,,
282959,Tender,"3.3.1 - Number of new HIV infections per 1,000 uninfected population, by sex, age and key populations",,,,,,,,,,,
283083,Tender,"3.4.1 - Mortality rate attributed to cardiovascular disease, cancer, diabetes or chronic respiratory disease",3.b.2 - Total net official development assistance to medical research and basic health sector,,,,,,,,,,
283406,Tender,"3.8.1 - Coverage of essential health services (defined as the average coverage of essential services based on tracer interventions that include reproductive, maternal, newborn and child health, infectious diseases, non-communicable diseases and service capacity and access, among the general and the most disadvantaged population)",,,,,,,,,,,
283544,Tender,"3.8.1 - Coverage of essential health services (defined as the average coverage of essential services based on tracer interventions that include reproductive, maternal, newborn and child health, infectious diseases, non-communicable diseases and service capacity and access, among the general and the most disadvantaged population)",,,,,,,,,,,
283567,Tender,"3.9.2 - Mortality rate attributed to unsafe water, unsafe sanitation and lack of hygiene (exposure to unsafe Water, Sanitation and Hygiene for All (WASH) services)",3.b.2 - Total net official development assistance to medical research and basic health sector,,,,,,,,,,
283576,Tender,"3.3.1 - Number of new HIV infections per 1,000 uninfected population, by sex, age and key populations",,,,,,,,,,,
283777,Tender,3.b.2 - Total net official development assistance to medical research and basic health sector,,,,,,,,,,,
283785,Tender,"3.3.1 - Number of new HIV infections per 1,000 uninfected population, by sex, age and key populations","3.3.3 - Malaria incidence per 1,000 population",3.7.1 - Proportion of women of reproductive age (aged 15_49 years) who have their need for family planning satisfied with modern methods,"3.7.2 - Adolescent birth rate (aged 10_14 years; aged 15_19 years) per 1,000 women in that age group",3.b.2 - Total net official development assistance to medical research and basic health sector,3.b.3 - Proportion of health facilities that have a core set of relevant essential medicines available and affordable on a sustainable basis,,,,,,
20886,Organization,3.2.1 - Under-5 mortality rate,,,,,,,,,,,
20897,Organization,"3.9.2 - Mortality rate attributed to unsafe water, unsafe sanitation and lack of hygiene (exposure to unsafe Water, Sanitation and Hygiene for All (WASH) services)",,,,,,,,,,,
20938,Organization,3.b.2 - Total net official development assistance to medical research and basic health sector,,,,,,,,,,,
20943,Organization,3.7.1 - Proportion of women of reproductive age (aged 15_49 years) who have their need for family planning satisfied with modern methods,"3.7.2 - Adolescent birth rate (aged 10_14 years; aged 15_19 years) per 1,000 women in that age group",,,,,,,,,,
20967,Organization,3.7.1 - Proportion of women of reproductive age (aged 15_49 years) who have their need for family planning satisfied with modern methods,"3.7.2 - Adolescent birth rate (aged 10_14 years; aged 15_19 years) per 1,000 women in that age group",,,,,,,,,,
21058,Organization,3.c.1 - Health worker density and distribution,,,,,,,,,,,
21070,Organization,3.2.1 - Under-5 mortality rate,,,,,,,,,,,
21110,Organization,"3.3.1 - Number of new HIV infections per 1,000 uninfected population, by sex, age and key populations",3.7.1 - Proportion of women of reproductive age (aged 15_49 years) who have their need for family planning satisfied with modern methods,"3.7.2 - Adolescent birth rate (aged 10_14 years; aged 15_19 years) per 1,000 women in that age group",,,,,,,,,
21143,Organization,"3.4.1 - Mortality rate attributed to cardiovascular disease, cancer, diabetes or chronic respiratory disease",,,,,,,,,,,
21183,Organization,3.b.2 - Total net official development assistance to medical research and basic health sector,,,,,,,,,,,
21244,Organization,"3.9.2 - Mortality rate attributed to unsafe water, unsafe sanitation and lack of hygiene (exposure to unsafe Water, Sanitation and Hygiene for All (WASH) services)",,,,,,,,,,,
21256,Organization,"3.3.1 - Number of new HIV infections per 1,000 uninfected population, by sex, age and key populations","3.3.2 - Tuberculosis incidence per 100,000 population","3.3.3 - Malaria incidence per 1,000 population",,,,,,,,,
21270,Organization,"3.9.2 - Mortality rate attributed to unsafe water, unsafe sanitation and lack of hygiene (exposure to unsafe Water, Sanitation and Hygiene for All (WASH) services)",,,,,,,,,,,
21274,Organization,3.d.1 - International Health Regulations (IHR) capacity and health emergency preparedness,,,,,,,,,,,
21310,Organization,"3.9.2 - Mortality rate attributed to unsafe water, unsafe sanitation and lack of hygiene (exposure to unsafe Water, Sanitation and Hygiene for All (WASH) services)",,,,,,,,,,,
21333,Organization,"3.8.1 - Coverage of essential health services (defined as the average coverage of essential services based on tracer interventions that include reproductive, maternal, newborn and child health, infectious diseases, non-communicable diseases and service capacity and access, among the general and the most disadvantaged population)",,,,,,,,,,,
21396,Organization,3.b.2 - Total net official development assistance to medical research and basic health sector,,,,,,,,,,,
21449,Organization,"3.3.1 - Number of new HIV infections per 1,000 uninfected population, by sex, age and key populations","3.8.1 - Coverage of essential health services (defined as the average coverage of essential services based on tracer interventions that include reproductive, maternal, newborn and child health, infectious diseases, non-communicable diseases and service capacity and access, among the general and the most disadvantaged population)",,,,,,,,,,
21496,Organization,"3.9.2 - Mortality rate attributed to unsafe water, unsafe sanitation and lack of hygiene (exposure to unsafe Water, Sanitation and Hygiene for All (WASH) services)",,,,,,,,,,,
21863,Organization,"3.5.2 - Harmful use of alcohol, defined according to the national context as alcohol per capita consumption (aged 15 years and older) within a calendar year in litres of pure alcohol",,,,,,,,,,,
21924,Organization,"3.8.1 - Coverage of essential health services (defined as the average coverage of essential services based on tracer interventions that include reproductive, maternal, newborn and child health, infectious diseases, non-communicable diseases and service capacity and access, among the general and the most disadvantaged population)",,,,,,,,,,,
22037,Organization,"3.9.2 - Mortality rate attributed to unsafe water, unsafe sanitation and lack of hygiene (exposure to unsafe Water, Sanitation and Hygiene for All (WASH) services)",,,,,,,,,,,
22054,Organization,"3.3.1 - Number of new HIV infections per 1,000 uninfected population, by sex, age and key populations",,,,,,,,,,,
22096,Organization,"3.8.1 - Coverage of essential health services (defined as the average coverage of essential services based on tracer interventions that include reproductive, maternal, newborn and child health, infectious diseases, non-communicable diseases and service capacity and access, among the general and the most disadvantaged population)",,,,,,,,,,,
22208,Organization,3.b.2 - Total net official development assistance to medical research and basic health sector,,,,,,,,,,,
22415,Organization,"3.8.1 - Coverage of essential health services (defined as the average coverage of essential services based on tracer interventions that include reproductive, maternal, newborn and child health, infectious diseases, non-communicable diseases and service capacity and access, among the general and the most disadvantaged population)",,,,,,,,,,,
22442,Organization,3.b.2 - Total net official development assistance to medical research and basic health sector,,,,,,,,,,,
22530,Organization,3.1.1 - Maternal mortality ratio,3.2.2 - Neonatal mortality rate,3.7.1 - Proportion of women of reproductive age (aged 15_49 years) who have their need for family planning satisfied with modern methods,"3.7.2 - Adolescent birth rate (aged 10_14 years; aged 15_19 years) per 1,000 women in that age group","3.8.1 - Coverage of essential health services (defined as the average coverage of essential services based on tracer interventions that include reproductive, maternal, newborn and child health, infectious diseases, non-communicable diseases and service capacity and access, among the general and the most disadvantaged population)",,,,,,,
22550,Organization,"3.9.2 - Mortality rate attributed to unsafe water, unsafe sanitation and lack of hygiene (exposure to unsafe Water, Sanitation and Hygiene for All (WASH) services)",,,,,,,,,,,
22566,Organization,3.b.2 - Total net official development assistance to medical research and basic health sector,,,,,,,,,,,
22683,Organization,3.2.1 - Under-5 mortality rate,,,,,,,,,,,
22686,Organization,"3.9.2 - Mortality rate attributed to unsafe water, unsafe sanitation and lack of hygiene (exposure to unsafe Water, Sanitation and Hygiene for All (WASH) services)",,,,,,,,,,,
22838,Organization,3.b.2 - Total net official development assistance to medical research and basic health sector,,,,,,,,,,,
22906,Organization,"3.4.1 - Mortality rate attributed to cardiovascular disease, cancer, diabetes or chronic respiratory disease",3.b.2 - Total net official development assistance to medical research and basic health sector,,,,,,,,,,
23012,Organization,3.b.2 - Total net official development assistance to medical research and basic health sector,,,,,,,,,,,
23056,Organization,3.b.3 - Proportion of health facilities that have a core set of relevant essential medicines available and affordable on a sustainable basis,,,,,,,,,,,
23087,Organization,"3.9.2 - Mortality rate attributed to unsafe water, unsafe sanitation and lack of hygiene (exposure to unsafe Water, Sanitation and Hygiene for All (WASH) services)",,,,,,,,,,,
23098,Organization,3.b.2 - Total net official development assistance to medical research and basic health sector,,,,,,,,,,,
23156,Organization,3.b.2 - Total net official development assistance to medical research and basic health sector,,,,,,,,,,,
23265,Organization,"3.9.2 - Mortality rate attributed to unsafe water, unsafe sanitation and lack of hygiene (exposure to unsafe Water, Sanitation and Hygiene for All (WASH) services)",,,,,,,,,,,
23326,Organization,"3.8.1 - Coverage of essential health services (defined as the average coverage of essential services based on tracer interventions that include reproductive, maternal, newborn and child health, infectious diseases, non-communicable diseases and service capacity and access, among the general and the most disadvantaged population)",,,,,,,,,,,
23369,Organization,3.b.2 - Total net official development assistance to medical research and basic health sector,,,,,,,,,,,
23445,Organization,3.b.2 - Total net official development assistance to medical research and basic health sector,,,,,,,,,,,
23597,Organization,"3.9.2 - Mortality rate attributed to unsafe water, unsafe sanitation and lack of hygiene (exposure to unsafe Water, Sanitation and Hygiene for All (WASH) services)",,,,,,,,,,,
23616,Organization,"3.9.2 - Mortality rate attributed to unsafe water, unsafe sanitation and lack of hygiene (exposure to unsafe Water, Sanitation and Hygiene for All (WASH) services)",,,,,,,,,,,
23633,Organization,3.b.3 - Proportion of health facilities that have a core set of relevant essential medicines available and affordable on a sustainable basis,,,,,,,,,,,
23669,Organization,"3.3.1 - Number of new HIV infections per 1,000 uninfected population, by sex, age and key populations",,,,,,,,,,,
23673,Organization,3.b.2 - Total net official development assistance to medical research and basic health sector,,,,,,,,,,,
45459,Funding Info,"3.8.1 - Coverage of essential health services (defined as the average coverage of essential services based on tracer interventions that include reproductive, maternal, newborn and child health, infectious diseases, non-communicable diseases and service capacity and access, among the general and the most disadvantaged population)",,,,,,,,,,,
45482,Funding Info,3.3.5 - Number of people requiring interventions against neglected tropical diseases,,,,,,,,,,,
45505,Funding Info,3.d.1 - International Health Regulations (IHR) capacity and health emergency preparedness,,,,,,,,,,,
45583,Funding Info,3.2.1 - Under-5 mortality rate,,,,,,,,,,,
45674,Funding Info,"3.8.1 - Coverage of essential health services (defined as the average coverage of essential services based on tracer interventions that include reproductive, maternal, newborn and child health, infectious diseases, non-communicable diseases and service capacity and access, among the general and the most disadvantaged population)",,,,,,,,,,,
46864,Funding Info,"3.8.1 - Coverage of essential health services (defined as the average coverage of essential services based on tracer interventions that include reproductive, maternal, newborn and child health, infectious diseases, non-communicable diseases and service capacity and access, among the general and the most disadvantaged population)",,,,,,,,,,,
46910,Funding Info,"3.8.1 - Coverage of essential health services (defined as the average coverage of essential services based on tracer interventions that include reproductive, maternal, newborn and child health, infectious diseases, non-communicable diseases and service capacity and access, among the general and the most disadvantaged population)",,,,,,,,,,,
48455,Funding Info,"3.8.1 - Coverage of essential health services (defined as the average coverage of essential services based on tracer interventions that include reproductive, maternal, newborn and child health, infectious diseases, non-communicable diseases and service capacity and access, among the general and the most disadvantaged population)",,,,,,,,,,,
48740,Funding Info,3.d.1 - International Health Regulations (IHR) capacity and health emergency preparedness,,,,,,,,,,,
48946,Funding Info,3.2.1 - Under-5 mortality rate,,,,,,,,,,,
50379,Funding Info,3.b.2 - Total net official development assistance to medical research and basic health sector,,,,,,,,,,,
50523,Funding Info,3.2.1 - Under-5 mortality rate,,,,,,,,,,,
50532,Funding Info,3.b.2 - Total net official development assistance to medical research and basic health sector,,,,,,,,,,,
50754,Funding Info,3.b.3 - Proportion of health facilities that have a core set of relevant essential medicines available and affordable on a sustainable basis,,,,,,,,,,,
50766,Funding Info,"3.8.1 - Coverage of essential health services (defined as the average coverage of essential services based on tracer interventions that include reproductive, maternal, newborn and child health, infectious diseases, non-communicable diseases and service capacity and access, among the general and the most disadvantaged population)",,,,,,,,,,,
50870,Funding Info,"3.8.1 - Coverage of essential health services (defined as the average coverage of essential services based on tracer interventions that include reproductive, maternal, newborn and child health, infectious diseases, non-communicable diseases and service capacity and access, among the general and the most disadvantaged population)",,,,,,,,,,,
51044,Funding Info,"3.8.1 - Coverage of essential health services (defined as the average coverage of essential services based on tracer interventions that include reproductive, maternal, newborn and child health, infectious diseases, non-communicable diseases and service capacity and access, among the general and the most disadvantaged population)",,,,,,,,,,,
51141,Funding Info,3.7.1 - Proportion of women of reproductive age (aged 15_49 years) who have their need for family planning satisfied with modern methods,"3.7.2 - Adolescent birth rate (aged 10_14 years; aged 15_19 years) per 1,000 women in that age group","3.8.1 - Coverage of essential health services (defined as the average coverage of essential services based on tracer interventions that include reproductive, maternal, newborn and child health, infectious diseases, non-communicable diseases and service capacity and access, among the general and the most disadvantaged population)",,,,,,,,,
51251,Funding Info,3.d.1 - International Health Regulations (IHR) capacity and health emergency preparedness,,,,,,,,,,,
91267,News,"3.8.1 - Coverage of essential health services (defined as the average coverage of essential services based on tracer interventions that include reproductive, maternal, newborn and child health, infectious diseases, non-communicable diseases and service capacity and access, among the general and the most disadvantaged population)",,,,,,,,,,,
90949,News,"3.9.2 - Mortality rate attributed to unsafe water, unsafe sanitation and lack of hygiene (exposure to unsafe Water, Sanitation and Hygiene for All (WASH) services)",,,,,,,,,,,
90267,News,3.b.3 - Proportion of health facilities that have a core set of relevant essential medicines available and affordable on a sustainable basis,,,,,,,,,,,
90628,News,3.b.2 - Total net official development assistance to medical research and basic health sector,,,,,,,,,,,
90630,News,3.d.1 - International Health Regulations (IHR) capacity and health emergency preparedness,,,,,,,,,,,
90726,News,"3.8.1 - Coverage of essential health services (defined as the average coverage of essential services based on tracer interventions that include reproductive, maternal, newborn and child health, infectious diseases, non-communicable diseases and service capacity and access, among the general and the most disadvantaged population)",,,,,,,,,,,
90907,News,3.2.1 - Under-5 mortality rate,,,,,,,,,,,
90936,News,3.d.1 - International Health Regulations (IHR) capacity and health emergency preparedness,,,,,,,,,,,
91064,News,"3.3.1 - Number of new HIV infections per 1,000 uninfected population, by sex, age and key populations",,,,,,,,,,,
91069,News,3.3.5 - Number of people requiring interventions against neglected tropical diseases,,,,,,,,,,,
91164,News,3.7.1 - Proportion of women of reproductive age (aged 15_49 years) who have their need for family planning satisfied with modern methods,"3.7.2 - Adolescent birth rate (aged 10_14 years; aged 15_19 years) per 1,000 women in that age group",,,,,,,,,,
91207,News,"3.4.1 - Mortality rate attributed to cardiovascular disease, cancer, diabetes or chronic respiratory disease",,,,,,,,,,,
91225,News,3.b.3 - Proportion of health facilities that have a core set of relevant essential medicines available and affordable on a sustainable basis,,,,,,,,,,,
91354,News,"3.8.1 - Coverage of essential health services (defined as the average coverage of essential services based on tracer interventions that include reproductive, maternal, newborn and child health, infectious diseases, non-communicable diseases and service capacity and access, among the general and the most disadvantaged population)",,,,,,,,,,,
91356,News,"3.8.1 - Coverage of essential health services (defined as the average coverage of essential services based on tracer interventions that include reproductive, maternal, newborn and child health, infectious diseases, non-communicable diseases and service capacity and access, among the general and the most disadvantaged population)",,,,,,,,,,,
91426,News,"3.4.1 - Mortality rate attributed to cardiovascular disease, cancer, diabetes or chronic respiratory disease",,,,,,,,,,,
91491,News,3.d.1 - International Health Regulations (IHR) capacity and health emergency preparedness,,,,,,,,,,,
91527,News,3.3.5 - Number of people requiring interventions against neglected tropical diseases,,,,,,,,,,,
92717,News,"3.4.1 - Mortality rate attributed to cardiovascular disease, cancer, diabetes or chronic respiratory disease",,,,,,,,,,,
92367,News,"3.8.1 - Coverage of essential health services (defined as the average coverage of essential services based on tracer interventions that include reproductive, maternal, newborn and child health, infectious diseases, non-communicable diseases and service capacity and access, among the general and the most disadvantaged population)",,,,,,,,,,,
91013,News,3.2.1 - Under-5 mortality rate,,,,,,,,,,,
91758,News,3.d.1 - International Health Regulations (IHR) capacity and health emergency preparedness,,,,,,,,,,,
92608,News,3.b.2 - Total net official development assistance to medical research and basic health sector,,,,,,,,,,,
92766,News,"3.4.1 - Mortality rate attributed to cardiovascular disease, cancer, diabetes or chronic respiratory disease",,,,,,,,,,,
92862,News,3.3.5 - Number of people requiring interventions against neglected tropical diseases,3.d.1 - International Health Regulations (IHR) capacity and health emergency preparedness,,,,,,,,,,
92715,News,"3.8.1 - Coverage of essential health services (defined as the average coverage of essential services based on tracer interventions that include reproductive, maternal, newborn and child health, infectious diseases, non-communicable diseases and service capacity and access, among the general and the most disadvantaged population)",,,,,,,,,,,
92824,News,3.3.5 - Number of people requiring interventions against neglected tropical diseases,3.d.1 - International Health Regulations (IHR) capacity and health emergency preparedness,,,,,,,,,,
92131,News,3.2.1 - Under-5 mortality rate,,,,,,,,,,,
92212,News,"3.3.3 - Malaria incidence per 1,000 population",,,,,,,,,,,
92229,News,"3.8.1 - Coverage of essential health services (defined as the average coverage of essential services based on tracer interventions that include reproductive, maternal, newborn and child health, infectious diseases, non-communicable diseases and service capacity and access, among the general and the most disadvantaged population)",,,,,,,,,,,
91729,News,3.7.1 - Proportion of women of reproductive age (aged 15_49 years) who have their need for family planning satisfied with modern methods,,,,,,,,,,,
92837,News,3.b.2 - Total net official development assistance to medical research and basic health sector,,,,,,,,,,,
92348,News,3.3.5 - Number of people requiring interventions against neglected tropical diseases,,,,,,,,,,,
92294,News,3.c.1 - Health worker density and distribution,,,,,,,,,,,
92929,News,3.3.5 - Number of people requiring interventions against neglected tropical diseases,,,,,,,,,,,
12894,Grant,"3.8.1 - Coverage of essential health services (defined as the average coverage of essential services based on tracer interventions that include reproductive, maternal, newborn and child health, infectious diseases, non-communicable diseases and service capacity and access, among the general and the most disadvantaged population)",,,,,,,,,,,
286296,Tender,"3.8.1 - Coverage of essential health services (defined as the average coverage of essential services based on tracer interventions that include reproductive, maternal, newborn and child health, infectious diseases, non-communicable diseases and service capacity and access, among the general and the most disadvantaged population)",,,,,,,,,,,
295197,Tender,"3.9.2 - Mortality rate attributed to unsafe water, unsafe sanitation and lack of hygiene (exposure to unsafe Water, Sanitation and Hygiene for All (WASH) services)",3.b.2 - Total net official development assistance to medical research and basic health sector,,,,,,,,,,
294360,Tender,3.b.2 - Total net official development assistance to medical research and basic health sector,,,,,,,,,,,
284685,Tender,"3.3.1 - Number of new HIV infections per 1,000 uninfected population, by sex, age and key populations","3.3.4 - Hepatitis B incidence per 100,000 population",,,,,,,,,,
277861,Tender,3.b.2 - Total net official development assistance to medical research and basic health sector,,,,,,,,,,,
285814,Tender,"3.9.2 - Mortality rate attributed to unsafe water, unsafe sanitation and lack of hygiene (exposure to unsafe Water, Sanitation and Hygiene for All (WASH) services)",,,,,,,,,,,
216539,Contract,3.1.1 - Maternal mortality ratio,"3.4.1 - Mortality rate attributed to cardiovascular disease, cancer, diabetes or chronic respiratory disease",,,,,,,,,,
216554,Contract,"3.4.1 - Mortality rate attributed to cardiovascular disease, cancer, diabetes or chronic respiratory disease",,,,,,,,,,,
217525,Contract,"3.4.1 - Mortality rate attributed to cardiovascular disease, cancer, diabetes or chronic respiratory disease",,,,,,,,,,,
218263,Contract,"3.4.1 - Mortality rate attributed to cardiovascular disease, cancer, diabetes or chronic respiratory disease",,,,,,,,,,,
218265,Contract,"3.4.1 - Mortality rate attributed to cardiovascular disease, cancer, diabetes or chronic respiratory disease",,,,,,,,,,,
218440,Contract,"3.4.1 - Mortality rate attributed to cardiovascular disease, cancer, diabetes or chronic respiratory disease",,,,,,,,,,,
218506,Contract,"3.4.1 - Mortality rate attributed to cardiovascular disease, cancer, diabetes or chronic respiratory disease",,,,,,,,,,,
218507,Contract,"3.4.1 - Mortality rate attributed to cardiovascular disease, cancer, diabetes or chronic respiratory disease",,,,,,,,,,,
218508,Contract,"3.4.1 - Mortality rate attributed to cardiovascular disease, cancer, diabetes or chronic respiratory disease",,,,,,,,,,,
218510,Contract,"3.4.1 - Mortality rate attributed to cardiovascular disease, cancer, diabetes or chronic respiratory disease",,,,,,,,,,,
218517,Contract,3.1.1 - Maternal mortality ratio,"3.4.1 - Mortality rate attributed to cardiovascular disease, cancer, diabetes or chronic respiratory disease",,,,,,,,,,
218518,Contract,3.2.1 - Under-5 mortality rate,"3.4.1 - Mortality rate attributed to cardiovascular disease, cancer, diabetes or chronic respiratory disease",3.c.1 - Health worker density and distribution,,,,,,,,,
218564,Contract,"3.4.1 - Mortality rate attributed to cardiovascular disease, cancer, diabetes or chronic respiratory disease",,,,,,,,,,,
218565,Contract,"3.4.1 - Mortality rate attributed to cardiovascular disease, cancer, diabetes or chronic respiratory disease",,,,,,,,,,,
218779,Contract,"3.4.1 - Mortality rate attributed to cardiovascular disease, cancer, diabetes or chronic respiratory disease",,,,,,,,,,,
218799,Contract,"3.4.1 - Mortality rate attributed to cardiovascular disease, cancer, diabetes or chronic respiratory disease",,,,,,,,,,,
218801,Contract,"3.4.1 - Mortality rate attributed to cardiovascular disease, cancer, diabetes or chronic respiratory disease",,,,,,,,,,,
218811,Contract,"3.4.1 - Mortality rate attributed to cardiovascular disease, cancer, diabetes or chronic respiratory disease",,,,,,,,,,,
218987,Contract,"3.4.1 - Mortality rate attributed to cardiovascular disease, cancer, diabetes or chronic respiratory disease",,,,,,,,,,,
219220,Contract,"3.4.1 - Mortality rate attributed to cardiovascular disease, cancer, diabetes or chronic respiratory disease","3.8.1 - Coverage of essential health services (defined as the average coverage of essential services based on tracer interventions that include reproductive, maternal, newborn and child health, infectious diseases, non-communicable diseases and service capacity and access, among the general and the most disadvantaged population)",,,,,,,,,,
219468,Contract,"3.4.1 - Mortality rate attributed to cardiovascular disease, cancer, diabetes or chronic respiratory disease",,,,,,,,,,,
220572,Contract,"3.4.1 - Mortality rate attributed to cardiovascular disease, cancer, diabetes or chronic respiratory disease",,,,,,,,,,,
220791,Contract,"3.4.1 - Mortality rate attributed to cardiovascular disease, cancer, diabetes or chronic respiratory disease",,,,,,,,,,,
220826,Contract,"3.4.1 - Mortality rate attributed to cardiovascular disease, cancer, diabetes or chronic respiratory disease",,,,,,,,,,,
220836,Contract,"3.4.1 - Mortality rate attributed to cardiovascular disease, cancer, diabetes or chronic respiratory disease",,,,,,,,,,,
220929,Contract,3.2.1 - Under-5 mortality rate,"3.4.1 - Mortality rate attributed to cardiovascular disease, cancer, diabetes or chronic respiratory disease",,,,,,,,,,
221074,Contract,"3.4.1 - Mortality rate attributed to cardiovascular disease, cancer, diabetes or chronic respiratory disease","3.8.1 - Coverage of essential health services (defined as the average coverage of essential services based on tracer interventions that include reproductive, maternal, newborn and child health, infectious diseases, non-communicable diseases and service capacity and access, among the general and the most disadvantaged population)",,,,,,,,,,
221082,Contract,"3.4.1 - Mortality rate attributed to cardiovascular disease, cancer, diabetes or chronic respiratory disease",3.c.1 - Health worker density and distribution,,,,,,,,,,
221087,Contract,"3.4.1 - Mortality rate attributed to cardiovascular disease, cancer, diabetes or chronic respiratory disease",,,,,,,,,,,
221128,Contract,"3.4.1 - Mortality rate attributed to cardiovascular disease, cancer, diabetes or chronic respiratory disease",3.c.1 - Health worker density and distribution,,,,,,,,,,
221226,Contract,"3.4.1 - Mortality rate attributed to cardiovascular disease, cancer, diabetes or chronic respiratory disease",,,,,,,,,,,
221230,Contract,"3.4.1 - Mortality rate attributed to cardiovascular disease, cancer, diabetes or chronic respiratory disease",,,,,,,,,,,
221240,Contract,"3.4.1 - Mortality rate attributed to cardiovascular disease, cancer, diabetes or chronic respiratory disease",,,,,,,,,,,
221257,Contract,"3.4.1 - Mortality rate attributed to cardiovascular disease, cancer, diabetes or chronic respiratory disease","3.8.1 - Coverage of essential health services (defined as the average coverage of essential services based on tracer interventions that include reproductive, maternal, newborn and child health, infectious diseases, non-communicable diseases and service capacity and access, among the general and the most disadvantaged population)",,,,,,,,,,
221282,Contract,"3.4.1 - Mortality rate attributed to cardiovascular disease, cancer, diabetes or chronic respiratory disease",,,,,,,,,,,
221284,Contract,"3.4.1 - Mortality rate attributed to cardiovascular disease, cancer, diabetes or chronic respiratory disease",,,,,,,,,,,
224597,Contract,"3.4.1 - Mortality rate attributed to cardiovascular disease, cancer, diabetes or chronic respiratory disease",,,,,,,,,,,
228193,Contract,"3.4.1 - Mortality rate attributed to cardiovascular disease, cancer, diabetes or chronic respiratory disease",,,,,,,,,,,
231465,Contract,"3.4.1 - Mortality rate attributed to cardiovascular disease, cancer, diabetes or chronic respiratory disease",3.b.2 - Total net official development assistance to medical research and basic health sector,3.b.3 - Proportion of health facilities that have a core set of relevant essential medicines available and affordable on a sustainable basis,,,,,,,,,
234426,Contract,"3.4.1 - Mortality rate attributed to cardiovascular disease, cancer, diabetes or chronic respiratory disease",,,,,,,,,,,
276087,Tender,"3.4.1 - Mortality rate attributed to cardiovascular disease, cancer, diabetes or chronic respiratory disease",3.b.2 - Total net official development assistance to medical research and basic health sector,,,,,,,,,,
285851,Tender,"3.8.1 - Coverage of essential health services (defined as the average coverage of essential services based on tracer interventions that include reproductive, maternal, newborn and child health, infectious diseases, non-communicable diseases and service capacity and access, among the general and the most disadvantaged population)",,,,,,,,,,,
255370,Tender,3.b.2 - Total net official development assistance to medical research and basic health sector,,,,,,,,,,,
283667,Tender,3.b.2 - Total net official development assistance to medical research and basic health sector,,,,,,,,,,,
293397,Tender,3.3.5 - Number of people requiring interventions against neglected tropical diseases,,,,,,,,,,,
232817,Contract,3.2.2 - Neonatal mortality rate,,,,,,,,,,,
258133,Tender,3.2.1 - Under-5 mortality rate,3.2.2 - Neonatal mortality rate,,,,,,,,,,
271457,Tender,3.b.2 - Total net official development assistance to medical research and basic health sector,,,,,,,,,,,
282632,Tender,3.1.1 - Maternal mortality ratio,3.2.1 - Under-5 mortality rate,3.2.2 - Neonatal mortality rate,3.7.1 - Proportion of women of reproductive age (aged 15_49 years) who have their need for family planning satisfied with modern methods,"3.7.2 - Adolescent birth rate (aged 10_14 years; aged 15_19 years) per 1,000 women in that age group",,,,,,,
284854,Tender,3.1.1 - Maternal mortality ratio,3.2.2 - Neonatal mortality rate,,,,,,,,,,
288369,Tender,3.1.1 - Maternal mortality ratio,3.2.2 - Neonatal mortality rate,,,,,,,,,,
293683,Tender,3.b.2 - Total net official development assistance to medical research and basic health sector,,,,,,,,,,,
252429,Tender,3.b.2 - Total net official development assistance to medical research and basic health sector,,,,,,,,,,,
279349,Tender,"3.5.1 - Coverage of treatment interventions (pharmacological, psychosocial and rehabilitation and aftercare services) for substance use disorders","3.5.2 - Harmful use of alcohol, defined according to the national context as alcohol per capita consumption (aged 15 years and older) within a calendar year in litres of pure alcohol",3.b.2 - Total net official development assistance to medical research and basic health sector,,,,,,,,,
286477,Tender,"3.4.1 - Mortality rate attributed to cardiovascular disease, cancer, diabetes or chronic respiratory disease",3.b.2 - Total net official development assistance to medical research and basic health sector,,,,,,,,,,
231245,Contract,3.b.1 - Proportion of the target population covered by all vaccines included in their national programme,,,,,,,,,,,
232530,Contract,3.b.1 - Proportion of the target population covered by all vaccines included in their national programme,,,,,,,,,,,
233341,Contract,3.b.1 - Proportion of the target population covered by all vaccines included in their national programme,,,,,,,,,,,
233349,Contract,3.b.2 - Total net official development assistance to medical research and basic health sector,,,,,,,,,,,
233356,Contract,3.b.1 - Proportion of the target population covered by all vaccines included in their national programme,,,,,,,,,,,
235487,Contract,3.b.1 - Proportion of the target population covered by all vaccines included in their national programme,3.b.2 - Total net official development assistance to medical research and basic health sector,,,,,,,,,,
235503,Contract,3.b.1 - Proportion of the target population covered by all vaccines included in their national programme,,,,,,,,,,,
259783,Tender,"3.4.1 - Mortality rate attributed to cardiovascular disease, cancer, diabetes or chronic respiratory disease",3.9.3 - Mortality rate attributed to unintentional poisoning,3.b.2 - Total net official development assistance to medical research and basic health sector,3.b.3 - Proportion of health facilities that have a core set of relevant essential medicines available and affordable on a sustainable basis,,,,,,,,
261323,Tender,3.b.2 - Total net official development assistance to medical research and basic health sector,,,,,,,,,,,
270562,Tender,"3.3.1 - Number of new HIV infections per 1,000 uninfected population, by sex, age and key populations",3.b.2 - Total net official development assistance to medical research and basic health sector,,,,,,,,,,
271973,Tender,"3.3.1 - Number of new HIV infections per 1,000 uninfected population, by sex, age and key populations",3.b.2 - Total net official development assistance to medical research and basic health sector,,,,,,,,,,
280228,Tender,3.b.2 - Total net official development assistance to medical research and basic health sector,,,,,,,,,,,
285853,Tender,"3.3.3 - Malaria incidence per 1,000 population",,,,,,,,,,,
286269,Tender,3.b.1 - Proportion of the target population covered by all vaccines included in their national programme,3.b.2 - Total net official development assistance to medical research and basic health sector,,,,,,,,,,
286630,Tender,3.b.2 - Total net official development assistance to medical research and basic health sector,,,,,,,,,,,
289468,Tender,3.b.1 - Proportion of the target population covered by all vaccines included in their national programme,,,,,,,,,,,
290553,Tender,3.b.2 - Total net official development assistance to medical research and basic health sector,,,,,,,,,,,
292473,Tender,3.b.2 - Total net official development assistance to medical research and basic health sector,,,,,,,,,,,
295201,Tender,"3.4.1 - Mortality rate attributed to cardiovascular disease, cancer, diabetes or chronic respiratory disease",3.b.1 - Proportion of the target population covered by all vaccines included in their national programme,3.b.2 - Total net official development assistance to medical research and basic health sector,,,,,,,,,
295264,Tender,3.b.1 - Proportion of the target population covered by all vaccines included in their national programme,,,,,,,,,,,
208851,Contract,3.7.1 - Proportion of women of reproductive age (aged 15_49 years) who have their need for family planning satisfied with modern methods,"3.7.2 - Adolescent birth rate (aged 10_14 years; aged 15_19 years) per 1,000 women in that age group",,,,,,,,,,
210266,Contract,3.7.1 - Proportion of women of reproductive age (aged 15_49 years) who have their need for family planning satisfied with modern methods,"3.7.2 - Adolescent birth rate (aged 10_14 years; aged 15_19 years) per 1,000 women in that age group",,,,,,,,,,
212150,Contract,3.7.1 - Proportion of women of reproductive age (aged 15_49 years) who have their need for family planning satisfied with modern methods,"3.7.2 - Adolescent birth rate (aged 10_14 years; aged 15_19 years) per 1,000 women in that age group",,,,,,,,,,
223936,Contract,3.7.1 - Proportion of women of reproductive age (aged 15_49 years) who have their need for family planning satisfied with modern methods,"3.7.2 - Adolescent birth rate (aged 10_14 years; aged 15_19 years) per 1,000 women in that age group",,,,,,,,,,
234384,Contract,3.7.1 - Proportion of women of reproductive age (aged 15_49 years) who have their need for family planning satisfied with modern methods,"3.7.2 - Adolescent birth rate (aged 10_14 years; aged 15_19 years) per 1,000 women in that age group",,,,,,,,,,
40545,Program,"3.3.1 - Number of new HIV infections per 1,000 uninfected population, by sex, age and key populations","3.3.2 - Tuberculosis incidence per 100,000 population","3.3.3 - Malaria incidence per 1,000 population",,,,,,,,,
35063,Program,3.7.1 - Proportion of women of reproductive age (aged 15_49 years) who have their need for family planning satisfied with modern methods,,,,,,,,,,,
40220,Program,3.7.1 - Proportion of women of reproductive age (aged 15_49 years) who have their need for family planning satisfied with modern methods,"3.7.2 - Adolescent birth rate (aged 10_14 years; aged 15_19 years) per 1,000 women in that age group","3.8.1 - Coverage of essential health services (defined as the average coverage of essential services based on tracer interventions that include reproductive, maternal, newborn and child health, infectious diseases, non-communicable diseases and service capacity and access, among the general and the most disadvantaged population)",,,,,,,,,
36856,Program,"3.9.2 - Mortality rate attributed to unsafe water, unsafe sanitation and lack of hygiene (exposure to unsafe Water, Sanitation and Hygiene for All (WASH) services)",,,,,,,,,,,
40404,Program,"3.4.1 - Mortality rate attributed to cardiovascular disease, cancer, diabetes or chronic respiratory disease",,,,,,,,,,,
41511,Program,3.d.1 - International Health Regulations (IHR) capacity and health emergency preparedness,,,,,,,,,,,
33954,Program,"3.9.2 - Mortality rate attributed to unsafe water, unsafe sanitation and lack of hygiene (exposure to unsafe Water, Sanitation and Hygiene for All (WASH) services)",,,,,,,,,,,
37208,Program,3.7.1 - Proportion of women of reproductive age (aged 15_49 years) who have their need for family planning satisfied with modern methods,"3.7.2 - Adolescent birth rate (aged 10_14 years; aged 15_19 years) per 1,000 women in that age group","3.8.1 - Coverage of essential health services (defined as the average coverage of essential services based on tracer interventions that include reproductive, maternal, newborn and child health, infectious diseases, non-communicable diseases and service capacity and access, among the general and the most disadvantaged population)",,,,,,,,,
35875,Program,3.7.1 - Proportion of women of reproductive age (aged 15_49 years) who have their need for family planning satisfied with modern methods,"3.7.2 - Adolescent birth rate (aged 10_14 years; aged 15_19 years) per 1,000 women in that age group","3.8.1 - Coverage of essential health services (defined as the average coverage of essential services based on tracer interventions that include reproductive, maternal, newborn and child health, infectious diseases, non-communicable diseases and service capacity and access, among the general and the most disadvantaged population)",,,,,,,,,
35128,Program,"3.9.2 - Mortality rate attributed to unsafe water, unsafe sanitation and lack of hygiene (exposure to unsafe Water, Sanitation and Hygiene for All (WASH) services)",,,,,,,,,,,
39356,Program,"3.8.1 - Coverage of essential health services (defined as the average coverage of essential services based on tracer interventions that include reproductive, maternal, newborn and child health, infectious diseases, non-communicable diseases and service capacity and access, among the general and the most disadvantaged population)",,,,,,,,,,,
35489,Program,3.1.1 - Maternal mortality ratio,3.2.1 - Under-5 mortality rate,3.2.2 - Neonatal mortality rate,,,,,,,,,
33881,Program,"3.9.2 - Mortality rate attributed to unsafe water, unsafe sanitation and lack of hygiene (exposure to unsafe Water, Sanitation and Hygiene for All (WASH) services)",,,,,,,,,,,
33289,Program,"3.8.1 - Coverage of essential health services (defined as the average coverage of essential services based on tracer interventions that include reproductive, maternal, newborn and child health, infectious diseases, non-communicable diseases and service capacity and access, among the general and the most disadvantaged population)",,,,,,,,,,,
39156,Program,3.1.1 - Maternal mortality ratio,3.2.1 - Under-5 mortality rate,,,,,,,,,,
35084,Program,"3.4.1 - Mortality rate attributed to cardiovascular disease, cancer, diabetes or chronic respiratory disease",,,,,,,,,,,
35789,Program,"3.5.1 - Coverage of treatment interventions (pharmacological, psychosocial and rehabilitation and aftercare services) for substance use disorders",,,,,,,,,,,
40993,Program,3.c.1 - Health worker density and distribution,,,,,,,,,,,
33933,Program,"3.9.2 - Mortality rate attributed to unsafe water, unsafe sanitation and lack of hygiene (exposure to unsafe Water, Sanitation and Hygiene for All (WASH) services)",,,,,,,,,,,
31995,Program,3.b.1 - Proportion of the target population covered by all vaccines included in their national programme,,,,,,,,,,,
35223,Program,3.9.1 - Mortality rate attributed to household and ambient air pollution,,,,,,,,,,,
33926,Program,3.1.1 - Maternal mortality ratio,3.1.2 - Proportion of births attended by skilled health personnel,3.2.1 - Under-5 mortality rate,3.2.2 - Neonatal mortality rate,,,,,,,,
41055,Program,3.1.1 - Maternal mortality ratio,3.2.1 - Under-5 mortality rate,3.2.2 - Neonatal mortality rate,,,,,,,,,
32479,Program,"3.9.2 - Mortality rate attributed to unsafe water, unsafe sanitation and lack of hygiene (exposure to unsafe Water, Sanitation and Hygiene for All (WASH) services)",,,,,,,,,,,
40011,Program,3.1.1 - Maternal mortality ratio,,,,,,,,,,,
32102,Program,3.7.1 - Proportion of women of reproductive age (aged 15_49 years) who have their need for family planning satisfied with modern methods,,,,,,,,,,,
33884,Program,"3.8.1 - Coverage of essential health services (defined as the average coverage of essential services based on tracer interventions that include reproductive, maternal, newborn and child health, infectious diseases, non-communicable diseases and service capacity and access, among the general and the most disadvantaged population)",,,,,,,,,,,
30519,Program,"3.8.1 - Coverage of essential health services (defined as the average coverage of essential services based on tracer interventions that include reproductive, maternal, newborn and child health, infectious diseases, non-communicable diseases and service capacity and access, among the general and the most disadvantaged population)",,,,,,,,,,,
38108,Program,3.9.1 - Mortality rate attributed to household and ambient air pollution,,,,,,,,,,,
30360,Program,"3.8.1 - Coverage of essential health services (defined as the average coverage of essential services based on tracer interventions that include reproductive, maternal, newborn and child health, infectious diseases, non-communicable diseases and service capacity and access, among the general and the most disadvantaged population)",,,,,,,,,,,
33883,Program,3.d.1 - International Health Regulations (IHR) capacity and health emergency preparedness,,,,,,,,,,,
36296,Program,"3.8.1 - Coverage of essential health services (defined as the average coverage of essential services based on tracer interventions that include reproductive, maternal, newborn and child health, infectious diseases, non-communicable diseases and service capacity and access, among the general and the most disadvantaged population)",,,,,,,,,,,
33871,Program,3.1.1 - Maternal mortality ratio,,,,,,,,,,,
